:020000040800F2
:10000000B83200209D010008D76B00084B5900084A
:10001000D56B000863290008257C0008000000005B
:100020000000000000000000000000000D7000084B
:100030006D2B000800000000596D00080F700008CB
:10004000B7010008B7010008B7010008B7010008B0
:10005000B7010008B7010008B7010008B7010008A0
:10006000B7010008B7010008B7010008B701000890
:10007000B7010008B7010008B7010008B701000880
:10008000B7010008B7010008F50E0008B701000825
:10009000B7010008B7010008B7010008A12B00084C
:1000A000B7010008B7010008B7010008B701000850
:1000B000B7010008B7010008B7010008B701000840
:1000C000B7010008B7010008B7010008B701000830
:1000D000B70100080D7C0008B7010008197C000872
:1000E000B7010008B7010008B7010008B701000810
:1000F000B7010008B7010008B7010008B701000800
:10010000B7010008B7010008B7010008B7010008EF
:10011000B7010008B7010008B7010008B7010008DF
:10012000B7010008B7010008B7010008B7010008CF
:10013000B7010008B7010008B7010008B7010008BF
:10014000B7010008B7010008B7010008B7010008AF
:10015000B7010008B7010008B7010008B70100089F
:10016000B7010008B7010008B7010008B70100088F
:10017000B7010008B7010008B7010008000000003F
:10018000B7010008B7010008DFF80CD000F056FCFA
:1001900000480047DDA10008B8320020064880472B
:1001A00006480047FEE7FEE7FEE7FEE7FEE7FEE75C
:1001B000FEE7FEE7FEE7FEE7A17000088901000800
:1001C0002DE9F05F0546002092469B46884606468C
:1001D000814640241BE0284641464746224600F01F
:1001E00010FB53465A46C01A914110D31146184687
:1001F000224600F0F7FA2D1A67EB01084F46224617
:100200000120002100F0EEFA17EB00094E41201EFC
:10021000A4F10104DFDC484631462A46434600F09B
:1002200000B830BCBDE8C09F2DE9F0410024061B9A
:10023000254671F1000605DA01240027D0EB0700FE
:1002400067EB0101161E73F1000605DA0027D2EBF9
:100250000702012567EB0303FFF7B2FF86460E4650
:1002600017469C46AC4204D00025D0EB050E65EB4A
:10027000010624B10020D2EB000760EB030C7046AE
:1002800031463A466346BDE8F08110B5431A9342C1
:1002900009D28318881803E010F8011D03F8011D26
:1002A000521EF9D210BD40EA01039B0703D009E0BA
:1002B00008C9121F08C0042AFAD203E011F8013B52
:1002C00000F8013B521EF9D210BDD2B201E000F895
:1002D000012B491EFBD270470022F6E710B51346EA
:1002E0000A4604461946FFF7F0FF204610BD10B538
:1002F000044604E00B7800F8013B03B1491C521E90
:10030000F8D2204610BDCAB2401E10F8011F8A4222
:1003100002D00029F9D100207047421C10F8011BBF
:100320000029FBD1801A704710B5002200E0521C52
:10033000835C8C5CA34201D1002BF8D1D8B2E1B22E
:10034000401A10BD30B504460020034600E05B1C97
:10035000934203D2E05CCD5C401BF8D030BD034635
:1003600011F8012B00F8012B002AF9D1184670472B
:1003700030B505460020034600E05B1C934205D2E1
:10038000EC5CC85C201A01D1002CF6D130BD000015
:1003900070B50F4D00B92868002412E00A4602E04B
:1003A0009E4203D0521C1378002BF9D1DAB22243BB
:1003B00005D02BB124B1002100F8011B04E0044654
:1003C000401C0678002EE9D12860204670BD000050
:1003D000000100202DE9FE4F804681EA0300C00F96
:1003E0000C46009021F0004123F00045B8EB0200DC
:1003F000A94105D24046214690461C460B4602467E
:1004000023F00040104347D0270DC7F30A00C3F381
:100410000A510290401A019040286BDAC3F313008E
:1004200040F4801B0098924620B10023D2EB030ACF
:1004300063EB0B0B01985946C0F14002504600F0A7
:10044000D1F906460D4650465946019A00F0E9F9A1
:1004500010EB08006141002487EA115284EAE77337
:100460001A4340D0009A62B3019A012A4FEA075218
:1004700015DC001B61EB02014FF0004202EA07525B
:10048000CDE90042001C41F5801132462B4600F0B8
:100490006FFA03B000F045B840462146F9E7001B6B
:1004A00061EB0201001C41F5801300185B4120182C
:1004B000A2F5001747EB030140EAD570B6196D416C
:1004C00011E06D084FEA360645EAC0754FEA07525B
:1004D000001B61EB0201001C41F5801149084FEA45
:1004E00030000019514132462B4603B000F01CB8D1
:1004F00000F02FBA0098012240000023D0EB020246
:1005000063EBE073009821464FEAE074B8EB00001B
:1005100061EB0401E9E783F000435BE781F0004110
:1005200058E730BCBDE8C08F30BCBDE8C04FFFF716
:10053000DFBF2DE9FE4F81EA030404F0004421F0FF
:10054000004100944FF0000B23F0004350EA0104F7
:100550005ED052EA03045BD0C3F30A54C1F30A55D8
:100560002C44A4F2F3340194A0FB0254C1F3130110
:1005700041F48011C3F3130343F4801301FB0244DD
:1005800000FB034E840A970A44EA815447EA8357E2
:10059000A4FB076802958D0A05FB07854FEA932C9B
:1005A00004FB0C542705029D4FEA065847EA16370C
:1005B000B5EB08056EEB070C870E920E47EA811724
:1005C00042EA8312A7FB0201B6EB0B0164EB0004C5
:1005D0002B0D43EA0C335E1844EB1C50DA465146AF
:1005E000E7FB0201C5F313044FEA0B3343EA14534C
:1005F0004FEA0432019C43EA0603A4F10C0402947E
:10060000009CCDE900B400F0B3F903B000F003B8EA
:1006100000200146F9E730BCBDE8C08F2DE9F04D60
:1006200081EA030404F0004B21F0004514464FF02A
:10063000000A23F0004150EA050220D054EA0102EA
:100640001DD0C5F30A570246C5F31303C1F31300C7
:10065000C1F30A5640F4801543F48013A7EB060853
:10066000101BD64608F2FD3873EB050002D308F1E3
:10067000010801E092185B41B8F1000F03DA002095
:100680000146BDE8F08D00204FF4801106468446F7
:100690000EE0171B73EB050705D3121B63EB050375
:1006A00006434CEA010C49084FEA300092185B41BE
:1006B00050EA0107EDD152EA030012D082EA0400A9
:1006C00083EA0501084305D0101BAB4106D2012285
:1006D000002306E000224FF0004302E06FF0010229
:1006E00053101AEB06004CEB085110EB0A0041EBDB
:1006F0000B01BDE8F04D00F02CB900F0004230F0E5
:1007000000400AD0C10D01F56071C0F3160042EA45
:100710000151C2084007114370470020014670474D
:1007200030B5041E71F1000404DB4FF00044404278
:1007300064EB0101141E73F1000405DB1C464FF04D
:100740000043524263EB04038B4208BF824230BD38
:1007500030B5041E71F1000404DB4FF00044404248
:1007600064EB0101141E73F1000405DB1C464FF01D
:100770000043524263EB0403994208BF904230BDEC
:1007800001F0004330B421F0004150EA010206D0EC
:100790000A0DA2F56072C1F31301002A02DC30BC1D
:1007A00000207047440F44EAC104C100E01830BC87
:1007B00000EBC25000F096B830B50B460146002061
:1007C0002022012409E021FA02F59D4205D303FA13
:1007D00002F5491B04FA02F52844151EA2F1010294
:1007E000F1DC30BD202A04DB203A00FA02F10020BF
:1007F00070479140C2F1200320FA03F3194390405F
:100800007047202A04DB203A21FA02F000217047C9
:1008100021FA02F3D040C2F1200291400843194668
:100820007047202A06DBCB17203A41FA02F043EA50
:10083000E07306E041FA02F3D040C2F12002914099
:1008400008431946704700000FB4002300B589B073
:100850000CA900910B996FF00042CB601E4B0693E0
:100860001E4B07930423CDE901321D4A089202462C
:100870006B46002000F08EF909B05DF814FB70B5EE
:1008800086B006464FF0FF300091CDE9010100200F
:1008900015460C4604903246694604A8FFF7D4FF7B
:1008A00002460498211825B108B1084600E0204608
:1008B0002860049800280DD0002A02DD00988842A4
:1008C00008D0081B0094CDE901043246694604A80B
:1008D000FFF7BAFF06B070BDD30D0008F10D000898
:1008E000610A00080029A8BF7047401C490008BFE2
:1008F00020F00100704710B4B0FA80FC00FA0CF050
:1009000050EA010404BF10BC704749B1CCF1200487
:1009100021FA04F411FA0CF118BF01212143084314
:10092000A3EB0C01CB1D4FEA00614FEA102042BF40
:10093000002010BC704700EBC35010440029A4BF36
:1009400010BC7047401C490008BF20F0010010BCDB
:10095000704710B5141E73F1000408DA401C41F111
:10096000000192185B411A4301D120F0010010BD33
:100970002DE9F04D92469B4611B1B1FA81F202E0A9
:10098000B0FA80F220329046FFF72CFF04460F4663
:1009900040EA0A0041EA0B0153465A46084313D085
:1009A000114653EA010019D0C8F140025046FFF742
:1009B00028FF05460E46504659464246FFF712FFAD
:1009C000084305D0012004E020463946BDE8F08DFB
:1009D0000020054346EAE0762C4337430A98630536
:1009E000E40AA0EB08000022FD0A44EA47540A305A
:1009F00002D500200146E9E7010510196941DDE94A
:100A0000084500196941BDE8F04DA2E7C1F30A525B
:100A1000C1F3130140F2FF3341F480119A4202DA2C
:100A200000200146704740F233439A42A2F233421B
:100A300002DC5242FFF7E5BEFFF7D4BE064C074D7D
:100A400006E0E06840F0010394E80700984710349E
:100A5000AC42F6D3FFF79CFB40D0000860D0000802
:100A6000C0B24FF4F05100F025BA00002DE9FF4F5D
:100A7000087883B09946FF2805D0491C2D2804D05A
:100A80000024002008E000200BE00124F9E700EB3F
:100A9000800003EB4000491C0B78FF2BF7D104B119
:100AA000404200230293147819461D462D2C01D094
:100AB0002B2C04D1521C2D2C13D000240294AA46B6
:100AC0001478FF2C0FD00A25A3FB057801FB0581C4
:100AD0004FF0000C03FB0C11521CE3194AEB01010F
:100AE000EEE70124EAE7814453EA010002D019F558
:100AF000C87F06DA03980021C0E9001107B000F0B2
:100B000065B90025AE4E2F46DFF8B882184600F0D2
:100B1000E5F9CDE90001B9F1000002DAC9F10004FC
:100B200000E004460023A74A1AEB030B42EB045AE9
:100B300012E0E00707D02A46334638464146FFF721
:100B4000F8FC074688462A46334610461946FFF702
:100B5000F0FC05460E466410002CEAD1DDE90001E8
:100B6000B9F1000F5A46534606DAFFF757FD3A46E9
:100B70004346FFF753FD05E0FFF7DBFC3A464346EB
:100B8000FFF7D7FC029A0AB181F00041039AC2E94B
:100B90000001B3E72DE9FF4F1F468DB0D7E90146AD
:100BA0004FF0FF382E2045464FF000090B90B969F1
:100BB0006D1C0E988847396A824688470028F6D10E
:100BC000BAF1FF3F0AD024F4D064002E11DDBAF14F
:100BD0002B0F08D0BAF12D0F0BD102E0404611B017
:100BE0008DE744F48064B9696D1C0E98884782468D
:100BF000761E6946600501D52D2000E02B208DF87A
:100C0000000001F1010B0DF1200809E0B9696D1C2C
:100C10000E98884782460F9844F40074761E05604B
:100C2000002E02DDBAF1300FF0D00B998A453ED18B
:100C300044F0800406E00F99681CA9F1010944F40E
:100C400000740860B9696D1C761E0E98884782464C
:100C50003028F0D02BE00B998A4505D1200603D42B
:100C600044F08004761E18E0504607F05CFF08B39D
:100C70000DF11301761E44F400748B4508D2AAF1DD
:100C800030000BF8010B200607D5A9F1010003E0A5
:100C9000200602D409F101008146A00502D50F9972
:100CA000681C0860B9696D1C0E9888478246002E42
:100CB000D1DC53E0002E51DDBAF1650F02D0BAF15C
:100CC000450F4BD1A00549D5B9696D1C24F440747A
:100CD000761E0E9888478246002E0CDD2B2804D005
:100CE000BAF12D0F07D144F48074B9696D1C0E98C8
:100CF00088478246761EE00501D52D2100E02B2194
:100D000008F8011BCDF82C8021E00DF12901761E99
:100D100044F4007488450CD2AAF1300010F0FF00B2
:100D200088F8000002D10B99884509D908F101081B
:100D300006E0E00501D5244801E042F20F7081464B
:100D4000B9696D1C0E98884782460F980560002E81
:100D500004DD504607F0E7FE0028D6D1F9690E9869
:100D60008847FF208BF8000088F8000000200690DC
:100D700007904B466A4608A906A8FFF777FEA0052C
:100D800002D46FF001002AE714F0240F0AD0E00724
:100D900014D1DDE906123868031D3B600068C0E924
:100DA00000120BE0DDE90601FFF7EAFC0146E0076F
:100DB00004D13868021D3A600068016028460EE7D9
:100DC000000014400000F03FF1D8FFFF30BCBDE848
:100DD000C08F426842B1016811F8013B23B1521E35
:100DE000C0E90012184670470121C160881E704793
:100DF00042685AB1C368016843B983688B4205D021
:100E0000491E521CC0E90012002070474FF0FF300D
:100E100070472DE9F04D00231A461B1A8A4103DB67
:100E200000200146BDE8F08DC1F30A52C1F3130161
:100E300041F480154FF0000BD10702D100186D412D
:100E4000521E0027044640F2FF11384601EB620AA9
:100E50003E468046024600204FF48011FFF7D1FC49
:100E6000C2197141BB1846EB0100B4EB030C75EBE2
:100E7000000C04D3E41A65EB000517460E4624194E
:100E800008F101006D4180463428E3DDF91946EB95
:100E90000600091BA84103D24FF0FF32134601E0C0
:100EA000002213461BEB070046EB0A51BDE8F04D4C
:100EB000FFF74FBD7F2801D9002208E0064A02EB68
:100EC0005002C007127800D1120902F00F0201206F
:100ED0009040084070470000C8CE00080EB540F2B0
:100EE000334202920022CDE900221346FFF740FD73
:100EF00003B000BD014802F0DFB800005404002038
:100F00002DE9F041044600270D46006805F0BAFAC5
:100F10000646206805F0B2FA30435DD02068C1680B
:100F20002E4E890105D5617E012902D1217E01293C
:100F30000BD0022D1DD0206805F0A4FAB8B12068AE
:100F40008168C1F3400169B111E00125244902E043
:100F50008F4232D27F1C0268D2435206F8D440211D
:100F60000160E8E78168314041F010018160012DA6
:100F700011D0206805F082FA48B120688168C1F379
:100F8000400121B98168314041F020018160022D8A
:100F900008D0032D04D0042502F0A8FD064617E072
:100FA0000C25F9E70825F7E702F0A0FD801B0528CE
:100FB0000ED92068806828420AD0606D40F0100089
:100FC0006065A06D40F00100A0650120BDE8F081E2
:100FD000206880682842E7D10020F7E7C0FFFF7F44
:100FE000000040A370B50446006881688268C1F3C0
:100FF000400112F0010F28D039BB816801F00D01CA
:10100000012914D18168124A1140891C816021682C
:101010000320086002F06AFD054612E002F066FD5A
:10102000401B02280DD920688068C00709D0606D78
:1010300040F010006065A06D40F00100A065012047
:1010400070BD20688068C007E8D1002070BD000036
:10105000C0FFFF7FF8B5044600200090206881683B
:1010600011F0010F41D18168214A11422ED18168CE
:10107000D5432940491C81601E48806800F0E0701B
:1010800000020DD51C481D490068B0FBF1F0401C62
:1010900000EB4000800000E0401E00900028FBD1E3
:1010A00002F024FD06461BE0816811F0010F03D118
:1010B00081682940491C816002F018FD801B0228CC
:1010C0000ED920680068C043C00709D0606D40F0A9
:1010D00010006065A06D40F00100A0650120F8BD22
:1010E00020680168C943C907DED10020F8BD0000AF
:1010F0003F000080000304507C000020400D0300EE
:101100002DE9F0411A4C0546F9B1E07C4FF4FA673D
:1011100005F1640678B9206D40F2DC51281A884246
:1011200024D30620E0743846256500F04DFAE664C5
:10113000E07C00281AD0E06C854217D3A07C38B13F
:1011400000F06AFA5035E56406E00020E07409E03A
:10115000384600F039FAE664E07C401E10F0FF00EB
:10116000E07403D1BDE8F04100F056BABDE8F0816B
:10117000000000202DE9F04FDFF85CA1A1B09AF843
:10118000020030B19AF801109AF8000000F054FA09
:1011900000E052A083460FF2441800204FA58DF8BE
:1011A0007C004FA7562602F0A1FC1FA900F0FEFA12
:1011B000040006D09DF87C0008B14BA700E04BA7C7
:1011C0004126DFF8149109F1480999F8040058B153
:1011D00099F8061041B1B9F8003046A208211BA8C1
:1011E00006F032FD0DF16C0899F8050050B199F840
:1011F000061039B1B9F802303EA208211DA806F048
:1012000023FD1DAD64B194F8480010B104F148000D
:1012100001E004F1280094F8381021B1383403E0DB
:101220002EA02EA400E01834CDE919402A48CDE9BB
:101230001776001D0DF14C0C448843782E48B0F908
:101240001410B0F916208CE81E00B0F90C100DF146
:101250003C0CB0F91240B0F91030B0F90E208CE817
:101260001E0090ED020A90ED011A1B49FDEEC00A26
:1012700090ED000A4031BDEEC11ABDEEC00A0A6809
:101280000B928DED0C1A8DED0D0ACDED0E0A09793C
:10129000806999F806200AB118A200E018A2CDE9E9
:1012A0000901CDE907529AF801109AF8000003AB42
:1012B000CDF8188083E8030807483830017983792E
:1012C00042798DE80E008378427801780D4806F067
:1012D000ABFC21B000F018B8200000202D2D00003C
:1012E0004E4F4E450000000042540000474E5353FD
:1012F00000000000257500000C0100204F4E00008A
:101300004F46460008CF000830BCBDE8C08F000043
:1013100070B50D280CD00024104E114D0A2808D0AD
:10132000E98A5F2917D2E98A7218491CE98210708C
:1013300070BDE88A78B1E87868B9E88A07495F2221
:10134000345401F16000FEF7D2FF0448603080F8A9
:101350005F400120E870EC82347070BDAC02002068
:101360000000002070B52DED048B9CB00D460400EC
:101370007CD0002DFCD000E0641C20782028FBD01D
:101380000928F9D006225CA12046FEF7F1FF90B1B2
:1013900009225BA12046FEF7EBFF70B104225BA19E
:1013A0002046FEF7E5FF50B104225AA12046FEF781
:1013B000DFFF20B104E0A41D02E0093400E0241D99
:1013C0005F22214602A8FEF792FF00208DF86700F9
:1013D000042250A102A8FEF7CBFF02AC38B9201DB1
:1013E000FEF79BFF421C211D02A8FEF74EFF0422C0
:1013F0004AA102A8FEF7BCFF38B9201DFEF78DFFF9
:10140000421C211D02A8FEF740FF3FA102A8FEF7E3
:10141000BFFF06463CA10020FEF7BAFF04462EB3EC
:1014200024B304223DA1FEF7A3FF00B9241D1AA98D
:10143000304607F0CDF91A98B0EE409AF0EE609A77
:10144000B04238D0007808B1202834D11AA92046FB
:1014500007F0BEF91A98B0EE408AF0EE608AA0421A
:1014600029D0007808B1202825D100E023E09FEDA5
:101470002D0B51EC190B53EC102BFFF751F91AD32C
:1014800051EC190B9FED290B53EC102BFFF760F972
:1014900011D351EC180B9FED270B53EC102BFFF7DA
:1014A0003FF908D351EC180B9FED240B53EC102B94
:1014B000FFF74EF904D200201CB0BDEC048B70BDC8
:1014C00060212846FEF708FF8DED009B1DA210212C
:1014D00005F1380006F0B8FB8DED008B19A2102144
:1014E00005F1480006F0B0FB012085F85A0002F033
:1014F000FDFAE8650120DFE742544750532C000015
:1015000050484F4E454750532C00000067656F3AD6
:10151000000000004C41543D000000004C4F4E3D87
:101520000000000000000000008056C00000000025
:101530000080564000000000008066C000000000EF
:1015400000806640252E35660000000070B5164DFF
:10155000E87800281CD00020E870144C00E0641CDF
:1015600020782028FBD00928F9D0C0B2242810D038
:101570000FA12046FEF7D8FE80B110A12046FEF74D
:10158000D3FE58B10F492046FFF7ECFE0120A871A9
:1015900070BD21460B4800F053F9F7E76021094878
:1015A000FEF79AFEF2E70000000000200C03002086
:1015B00042544750532C4F4646000000425446497F
:1015C000582C30008C01002010B5D8B10F49B1FB68
:1015D000F0F028B1401EB0F5803F01D34FF6FF7008
:1015E000411C82B20A480368DA62C2600068C1F333
:1015F0004F01C1630821064803F0F8FD05490120A9
:10160000887410BDBDE8104000F006B840420F00DD
:101610000006002000000020054810B500680024E6
:10162000C4630821024803F063FE0248847410BDBD
:101630000006002000000020A0F11402062A01D8B4
:10164000012200E00022A1F11E031E2B01D801237C
:1016500000E0002312B10BB1114870471A2803D9DA
:101660003C2901D90FA07047142803D21E2908D2A3
:101670000FA070471A2802D90948001F7047142884
:1016800002D207480C3870473C2902D90448203060
:1016900070471E2902D202481C30704707A07047CD
:1016A0006C230008486F742648756D69640000005B
:1016B000436F6C6426447279000000004E656172CD
:1016C000436F6D666F72740008B10C2801D91F203A
:1016D0007047022810D101F5FA618A070CD1642203
:1016E000B1FBF2F302FB13125AB94FF4C872B1FB0B
:1016F000F2F302FB131121B10349084410F8010C65
:1017000070471D20704700003AB8000810B501F07E
:1017100029F9054928B1054882790A70C0794870CD
:101720000120887010BD000020000020B6000020BD
:101730003FB51D491B4A0B7B22F8130007205B1C99
:10174000B3FBF0F400FB14300873C87A072801D209
:10175000401CC872C4B20020694605E032F810305F
:1017600021F81030401CC0B2A042F7D3012212E091
:1017700031F81230104603E021F81050401EC0B27C
:1017800028B101EB400535F8025C9D42F4D8521CAB
:1017900021F81030D2B2A242EAD324F00100085A54
:1017A00004B030BD440400200000002070B50C4699
:1017B000064601460C4800F07AFA002518B104B13B
:1017C0002570094870BD08483146603000F06FFA56
:1017D00028B10CB1012020700348603070BD04B105
:1017E0002570002070BD00002C01002070B50D2870
:1017F0000CD00024104E114D0A2808D0A98A5F2968
:1018000017D2A98A7218491CA982107070BDA88AC3
:1018100078B1A87868B9A88A07495F22345401F1E1
:101820006000FEF764FD0448603080F85F400120EE
:10183000A870AC82347070BDEC0100200000002064
:101840002DE9F04F4FF00007AFB03D4602970397E8
:101850000497059701970797089709970A9706979E
:101860002597269727972897B846CDE9297504002C
:101870004FF0560AC146C3467ED000297CD000E016
:10188000491C08782028FBD00928F9D0C0B22428A8
:1018900072D15F220BA8FEF72AFD8DF88B50F5A1BF
:1018A0000BA8FEF775FD064650E10A2F0DD2DFE8C2
:1018B00007F0050D386496C5FE0C0CEC0722314686
:1018C00001A8FEF714FD8DF80B5038E10622EAA1BD
:1018D00001A8FEF74DFD002878D00622E8A101A856
:1018E000FEF746FD0028F7D00622E7A101A8FEF783
:1018F0003FFD0028F0D00622E5A101A8FEF738FD43
:101900000028E9D00622E4A101A8FEF731FD002855
:101910005DD00622E2A101A8FEF72AFD002856D0DC
:101920000DE10622D4A101A8FEF722FD00287DD0FA
:101930000622D3A101A8FEF71BFD0028F7D006223E
:10194000D1A101A8FEF714FD002840D00622D0A1A5
:1019500001A8FEF70DFD002839D00622CEA101A86E
:10196000FEF706FD002864D00622CDA101A8FEF7EF
:10197000FFFC00285DD0E2E050E10622BEA101A8F4
:10198000FEF7F6FC18B30622BDA101A8FEF7F0FC95
:10199000E8B10622BCA101A8FEF7EAFC002848D065
:1019A0000622BBA101A8FEF7E3FC002841D00622D5
:1019B000B9A101A8FEF7DCFC002868D00622B8A176
:1019C00001A8FEF7D5FC002861D0B8E067E00F223F
:1019D000314603A8FEF78BFC8DF81B50AFE00622C2
:1019E000A5A101A8FEF7C4FC18B30622A4A101A872
:1019F000FEF7BEFCE8B10622A3A101A8FEF7B8FCE1
:101A0000002844D00622A2A101A8FEF7B1FCD8B359
:101A10000622A1A101A8FEF7ABFC00286ED0062289
:101A20009FA101A8FEF7A4FC002800E070E065D0AB
:101A300085E0307800289ED0804680E006228EA186
:101A400001A8FEF795FCF8B106228DA101A8FEF7CA
:101A50008FFCC8B106228CA101A8FEF789FC0028E2
:101A60004CD006228AA101A8FEF782FCF0B3062220
:101A700089A101A8FEF77CFC88B1062288A101A8F3
:101A8000FEF776FC58B15AE001E045E00FE00F2286
:101A9000314607A8FEF72BFC8DF82B504FE00F22A4
:101AA000314625A8FEF723FC8DF8A35047E0062217
:101AB00071A101A8FEF75CFCC0B1062270A101A8CB
:101AC000FEF756FC90B106226FA101A8FEF750FC6C
:101AD000C0B106226EA101A8FEF74AFC90B1062211
:101AE0006DA101A8FEF744FC90B100E006E00622DB
:101AF0006BA101A8FEF73CFC50B120E03078F0B1BA
:101B000081461CE03078302819D94FF0010B16E0DF
:101B10003078A0B1824612E0062257A101A8FEF754
:101B200027FC28B1062256A101A8FEF721FC30B9F6
:101B30000722314629A8FEF7DAFB8DF8AB504DA1FC
:101B40000020FEF725FC7F1C0646FFB2002E7FF426
:101B5000ACAE9DF8940028B10F2225A92046FEF7CF
:101B6000C6FBE5739DF8A40030B1072229A904F152
:101B70001000FEF7BCFBE57506223FA101A8FEF7A9
:101B8000F7FB88B106223EA101A8FEF7F1FB58B190
:101B9000062241A101A8FEF7EBFB28B1062240A1D5
:101BA00001A8FEF7E5FB10B9BAF1410F02D0BBF175
:101BB000000F37D09DF80C0098B39DF81C0080B33F
:101BC00004F118000F2203A90646FEF790FB04F16A
:101BD000280084F827500F2207A90746FEF787FB45
:101BE00084F8375084F8588084F85990102541467D
:101BF00004F1380301223046009500F073F9009596
:101C000094F8591004F148030022384600F06AF9AC
:101C1000012084F85A0001F069FFE0652FB000F060
:101C200043B8FFE7062214A101A8FEF7A1FBF0B11B
:101C3000062213A101A8FEF79BFBC0B1062212A148
:101C400001A8FEF795FB90B1062211A101A8FEF7AD
:101C50008FFB60B1062210A101A8FEF789FB30B10D
:101C600006220FA101A8FEF783FB0028D6D184F835
:101C70005A50D3E72C000000244750524D43000037
:101C800024474E524D43000024475047474100002F
:101C900024474E4747410000244750474C4C000022
:101CA00024474E474C4C000030BCBDE8C08F58B1B3
:101CB00090F85A2042B1C06D30B1081A42F210714A
:101CC000884201D801207047002070472DE9F84F65
:101CD0004FF090451021284601F0FDFE70B34FF003
:101CE000000800BF68F307042021284601F0F3FE36
:101CF00038B3002060F30F2400904021284601F003
:101D0000EAFE00B35FF0000060F3174482468021D2
:101D1000284601F0E0FEC0B15FF0000060F31F64F0
:101D2000364FA1460126A7F130048346A4F12405CD
:101D3000B8F1000F10D0387848B10DE04FF001082D
:101D4000D0E70120D6E70120DEE70120E6E7207892
:101D500038B1401E2070AE71009868B1787810B12B
:101D60000AE00520F6E720780621401CB0FBF1F2DE
:101D700001FB12002070AE71BAF1000F24D0B878C8
:101D800010BB2078012804D0022808D005280CD0E8
:101D90001AE060783C2817D2401C607013E060881D
:101DA000C82811D2401C60800DE015494FF0000892
:101DB0001448C1F818802821FEF78EFA4FF42F70CE
:101DC000E88385F80A80AE71BBF1000F12D0F87875
:101DD00080B92078012802D0022805D00AE0607876
:101DE00040B1401E607004E060883C2802D9401E6B
:101DF0006080AE71C5F8549000F006B85400002021
:101E00000C0100201C04002018BCBDE8E08F00007D
:101E100010B5104801F044FC00281AD105210D48E6
:101E200001F0C0FB80B90B4801F043F90A49642274
:101E30000860504340F6FF72B0FBF2F0C0F164005E
:101E4000642800D964200871BDE81040014801F001
:101E5000A1BC10BD54040020600000202DE9F04119
:101E60001D4F00261D4CF879B04680B304F11002D6
:101E7000911E881E04F02DFB012548B92577012607
:101E8000B4F91020B4F90E10B4F90C0000F0DCFC29
:101E9000124A1632911E881E04F034FB387A30B193
:101EA0000E4A211D08320D4808F01CFD60B176B1C4
:101EB000B4F91020B4F90E10B4F90C0000F00EFDC6
:101EC0009FED070A84ED020A2577BDE8F081FFE760
:101ED00084F81C80F9E70000000000200C010020BD
:101EE000000000002DE9FC479046DDF828901F0017
:101EF0000E4602464FF000054FF0010456D05FEA4F
:101F0000090053D000203870002A4FD010780028E4
:101F10004CD000216FF02F030CE02E2809D0A0F147
:101F2000300CBCF10A0F41D205EB850503EB4505EA
:101F30000544491C505C0028EFD12E211046FEF7C5
:101F4000E2F948B1401CFEF7E8F902E004EB840135
:101F50004C00401EFAD200E0012464206043B5FB2F
:101F6000F0F000FB04F16FF01802514305EB810122
:101F700042F210725143B1FBF4F13C22B1FBF2F199
:101F800040F27122504301EB00101201B0FBF2F15C
:101F900002FB1101B0FBF2F0CDE9000106B93F26CA
:101FA000334603A24946384605F04EFE00F006B817
:101FB0002563256C752E2530346C75000CBCBDE88E
:101FC000F08700002DE9F04FBBB000258DF8D85008
:101FD00001F08CFDA84641460DF1080601EB4102D7
:101FE00002EBC102491CC9B206F812500829F5D308
:101FF000B74F07F12404397919B121787A799142E0
:1020000003D021784FF001087971237806F12C0272
:1020100006F1580A3792002B3FD0583206F19A0148
:10202000CDE9001206F16E0B012B56D0A146022B12
:102030006FD0032B6ED0042B6DD0A6A13046FEF7D7
:102040008EF9A64CA6A21621A369379805F0FCFDCF
:10205000207F002873D094ED010AA4A21621BDEEC2
:10206000C00A504610EE103A05F0EEFD94ED000A5D
:10207000A1A21621BDEEC00A584610EE103A05F096
:10208000E3FD94ED020A9FA2BDEEC00A10EE103AE5
:102090001621019805F0D8FDFFE09DA13046FEF71E
:1020A0005EF98B4C5834E079A0B1A1786078CDE925
:1020B0000001237897A21621379805F0C5FDA17974
:1020C0006079CDE90001237997A21621504605F0E9
:1020D000BBFDE2E098A13798DDE09BA13046FEF71A
:1020E0003EF97B490DF14A0A20318A78002A32D024
:1020F00089460B7897A21621379805F0A5FD99F827
:102100000000142801D296A307E01A2804D996A348
:1021100003E035E062E09AE094A396A216215046CF
:1021200005F092FD99F8013094A21621584605F069
:102130008BFD99F801001E2802D293A305E0A4E0CC
:102140003C2801D991A300E088A392A2162101980E
:1021500005F07AFD0FE091A13798FEF700F992A102
:102160005046FEF7FCF892A15846FEF7F8F893A106
:102170000198FEF7F4F8637892A21621009889E797
:1021800093A13046FEF7EBF8514C6834607930B1DA
:10219000638894A21621379805F056FD03E094A1B8
:1021A0003798FEF7DCF8207930B1238893A2162106
:1021B000504605F049FD03E093A15046FEF7CFF8E5
:1021C000B9F8023093A21621019805F03DFDA079DF
:1021D00008B193A100E095A100985CE036A9FFF753
:1021E000E5FA044694A102A8FEF7B9F80CB39DF8ED
:1021F000D80008B193A300E093A395A216213798C5
:1022000005F022FD94F8380010B104F1380301E024
:1022100004F1180391A21621504605F015FD94F81B
:10222000480010B104F1480301E004F128038DA235
:102230002EE78EA13798FEF792F88FA15046FEF751
:102240008EF88FA10198FEF78AF88FA1C4E793A1B9
:102250003046FEF784F81E4C94A2603416212368A1
:10226000379805F0F1FC237993A21621504605F02A
:10227000EBFC2079462801D392A304E0232801D364
:1022800092A300E093A395A202E797A15046FEF720
:1022900066F899A10198FEF762F8002404EB440067
:1022A00000EBC40006EB400115222EA8FEF71FF834
:1022B0008DF8CD5042462EA9204600F029F9641C25
:1022C000E4B2082CEAD3012038713BB000F01CB90D
:1022D000000000204D6F74696F6E00000C0100203B
:1022E000537465703A2530356C750000526F6C6C14
:1022F0003A2534640000000050697463683A25345C
:1023000064000000596177203A2534640000000021
:10231000525443003230253032752D253032752D20
:102320002530327500000000253032753A253032F4
:10233000753A253032750000525443204E4F5420D8
:10234000524541445900000054656D70202F2048CB
:10235000756D690054656D703A2532754300000053
:10236000436F6C6400000000486F7400436F6D663B
:102370006F72740054656D703A25730048756D690D
:102380003A253275252500004472790048756D693B
:102390006400000048756D203A25730054656D7027
:1023A0003A2D2D430000000054656D703A2D2D002C
:1023B00048756D693A2D2D250000000048756D2087
:1023C0003A2D2D005761726E3A2532754300000098
:1023D0004865617274205261746520262053504F05
:1023E0003200000053504F323A2533752525000046
:1023F00053504F323A2D2D2D2500000048523A25DA
:10240000337562706D00000048523A2D2D2D6270B8
:102410006D0000005761726E3A25337500000000B0
:1024200046696E6765723A4F6E00000046696E67D6
:1024300065723A4F66660000475053202F20425481
:102440000000000042540000474E535300000000BB
:102450005352433A25732046495800004C61743A60
:10246000257300004C6F6E3A257300005352433AB7
:102470004E6F6E65000000004C61743A2D2D000017
:102480004C6F6E3A2D2D000053656E64204E4D4505
:1024900041206F7665722042540000004C696768E5
:1024A000742053656E736F72000000004144433A1C
:1024B00025346C75000000004C696768743A253358
:1024C0007525250042726967687400004E6F726D51
:1024D000616C00004461726B000000004C65766521
:1024E0006C3A2573000000004D5055204348454389
:1024F0004B205749524500004E6F206D6F74696F35
:102500006E2064617461000030BCBDE8C08F0000C3
:10251000F0B587B017460C460546082830D2202271
:10252000162101A8FDF7D1FE00268DF8196054B1DF
:102530002046FDF7F2FE0246152800D91522214655
:1025400001A8FDF7A2FE0F4805EB450101EBC5010F
:1025500000EB41044FB90C48007930B120461522F8
:1025600001A9FDF705FF00280AD0204601A9FDF7C3
:10257000F6FE22460C2329460020009604F09CFB20
:1025800007B0F0BD6C030020000000202DE9F041F1
:102590004E4DAE7903F054FD03F04CFDA87103F0ED
:1025A00045FEA9790127A5F16804B14200D0A771C1
:1025B0000026A1B1002821D04548007878B34548CD
:1025C00000682D2840DBA5283EDC80B2FFF7B0F87C
:1025D000627BAAB12988814214D90B1A13E02E809C
:1025E0006E802E716E716673A673E67326746674C0
:1025F0000E213948FDF770FEE6722673BDE8F081C2
:10260000288016E0431A9BB2022A09D30F2B07D960
:10261000637C022B04D25B1C0846637401E013E068
:102620006674C1EBC1010844001DC0082880042A5B
:1026300001D2521C6273D0B2E673022801D301208A
:1026400000E00020287111E0E07B042801D2401C4A
:10265000E073C0B2022809D32E802E7166736674AF
:102660000E211D48FDF738FEE67226731B480078E0
:10267000F0B11B48006850281ADB642818DC81B2CE
:10268000A07B80B16A88C2EBC2021144091DC9084F
:102690006980042801D2401CA073C0B226740228AD
:1026A00003D3012002E06980F5E7002068710AE0A9
:1026B000207C042801D2401C2074C0B2022802D31E
:1026C0006E806E71A673A77198E700006800002005
:1026D0009E000020AC000020440400209D0000204B
:1026E000A80000202DE9F04104005BD0E07900282B
:1026F00058D0002956D02079A279C0EB4013C3EB03
:10270000002002EB00106279274EC2EB021201EBAF
:1027100082014518012716E0A0783544012801D927
:10272000401E0FE06078012802D9401E607005E06D
:102730000C206070207808B1401E207021786078ED
:10274000FEF7C2FFA070002DE6DB17E016482178E7
:10275000404205446078FEF7B7FFA178491CC9B232
:10276000A17081420AD9A7706078401CC0B2607025
:102770000C2803D967702078401C2070B542E5DA38
:102780004FF4616095FBF0F1217195FBF0F100FBD6
:1027900011503C2190FBF1F2627190FBF1F201FBD0
:1027A0001200A071BDE8F0818051010010B500F069
:1027B00093F900F0D7F90B4942780A7082784A7091
:1027C000C2788A700279CA7042790A7182794A7134
:1027D000C07988710120C871BDE810400A21014804
:1027E000FFF780BF5800002070B51649144C002335
:1027F0004D7A1A4644F825000A206D1CB5FBF0F608
:1028000000FB16504872184654F8205015B1521C5F
:102810002B44D2B2401CC0B20A28F5D3002A0ED0F5
:10282000B3FBF2F000F5E17080B240F22622C883DB
:10283000904203D340F2DC52904200D9CA8370BD6B
:102840001C040020000000202DE9F04114460D4634
:10285000060000D57042002D00DA6942014410469E
:10286000002C00DA6042DFF86C800B18B8F9181001
:10287000B8F91C00B8F91A20002900DA4942002AE8
:1028800000DA52421144002800DA404208441F1A7C
:1028900000D57F421846FFF7A7FFB8F81E10404644
:1028A0008F4209D9817A71B90B498A69521C8A61B0
:1028B00001218172817106E00322B1FBF2F1B9427C
:1028C00001D90021817206834583A8F81C40BDE828
:1028D000F0810000000000200C01002010B500EE87
:1028E000100A2DED048BB8EEC09A00EE101AF8EE27
:1028F000C08A00EE102AB8EEC08A28EEA80A08EEB8
:10290000080A05F045FF10EE100AF0EE400AB0F19B
:102910007E5F01DAF7EE000AB1EE490A05F010FE1B
:102920009FED099A094CF0EE480A20EE090A84ED61
:10293000000AB0EE680A05F003FE20EE090A84EDF5
:10294000010ABDEC048B10BDE12E65420C01002094
:1029500000F00F01000900EB800001EB4000C0B265
:102960007047FEE72DE9F04186B000251421684646
:10297000FDF7B2FC4FF00008022004240127CDE946
:102980000280344ECDE900476946304600F094FF9E
:1029900000220421304601F0A3F8122000F066FF67
:1029A00001220421304601F09BF8142000F0E0F8E9
:1029B00014216846FDF790FCCDE900486946304691
:1029C000029700F079FF0421304601F084F81420CA
:1029D00000F0CEF80421304601F07DF81E4C28B1FD
:1029E00026E0012000F0C4F86D1CEDB20421304651
:1029F00001F071F808B9642DF3D3002504E001203B
:102A000000F0B6F86D1CEDB20421304601F063F819
:102A1000012801D1642DF2D35FF0000500F01EF80B
:102A200060556D1CEDB2052DF8D3322000F0A0F8F2
:102A300021786078E3780A18A07803441A4423794F
:102A4000934205D1E171A071012006B0BDE8F0818B
:102A50000020FAE700080048B60000202DE9F04108
:102A6000002425462646DFF86C8004E0012000F0B3
:102A70007FF86D1CEDB204214746404601F02BF86B
:102A800008B9642DF2D30025282000F071F8042144
:102A9000B846384601F01FF8012801D0002706E0AB
:102AA000012704E0012000F063F86D1CEDB2042161
:102AB000404601F010F8012801D1642DF2D36006E0
:102AC000761C0025F6B247EA1064082ED3D32046C0
:102AD000BDE8F0810008004800B585B04FF47A7277
:102AE000072103A88DE8070001230022D0211B48FD
:102AF00001F0B4F800282FD19DF80C0000F07F0001
:102B0000FFF726FF164AD0719DF80D0000F07F00F8
:102B1000FFF71EFF90719DF80E0000F03F00FFF7D9
:102B200017FF50719DF80F0000F00700FFF710FF2E
:102B300010719DF8100000F03F00FFF709FFD07002
:102B40009DF8110000F01F00FFF702FF90709DF844
:102B50001200FFF7FDFE507005B000BD60050020BB
:102B6000BF00002000487047BF00002070470000F1
:102B700070B54FF6FA75094E281A84B2306844626F
:102B8000304602F073F9306801E0416A8CB2AC4221
:102B9000FBD3BDE87040014802F0A4B94C06002008
:102BA000202000F07DBE72B6FEE770477047704788
:102BB000704770472DE9F047044690F850009AB0EE
:102BC0000E464FF00009012816D0012084F850006D
:102BD000002515951695324F2068B84210D1DFF8C0
:102BE000C480CDF80080404603F050FC8246206847
:102BF00003F04CFC60B10EE002201AB0BDE8F08793
:102C0000606D40F02000606584F850500120F4E7CA
:102C1000BAF1000F0AD0606D40F0200060654FF0FF
:102C2000010900BF84F850504846E6E71E48316865
:102C30001E4A0029816840F61F7321F460411CD0B0
:102C400094F830C041EA4C31D6F804C041EA0C0196
:102C50008160B968D8F8087001F0010107F0010738
:102C60009268394302F001021143DBD1B268316846
:102C7000114382689A4311430FE08160B968D8F824
:102C8000086001F0010106F001069268314302F08C
:102C900001021143C6D1816899438160C2E70000F7
:102CA00000000450000104500003045000020450CE
:102CB0002DE9F84F00270446009790F85000DFF800
:102CC000B8930D46B846012811D0012684F850600B
:102CD000206803F0D7FB60B1606D40F020006065B4
:102CE0005FF0010784F85080384600F0DDB902201B
:102CF000FBE76868052808D8022825D0032825D0D6
:102D0000042825D0052825D0062021680C2303EAB5
:102D1000901319442A680B6B00F01F004FF01F0C32
:102D20000CFA00FCC2F3846223EA0C0382401343D2
:102D30000B63206803F0A6FB8246206803F09EFB2D
:102D40005AEA000009D09AE00C20DEE71220DCE706
:102D50001820DAE74FF48070D7E7AA68296820685E
:102D600003F0A0FB20686969C268C2F3C102520087
:102D700091402A69042A0FD000EB82002B68026E72
:102D8000DFF8F8C203F0F84302EA0C020B431A43DF
:102D900042F00041016672E0002103F069FB40034C
:102DA00020684FF0000172D003F062FB90FAA0F0AF
:102DB000B0FA80F1286842036ED090FAA0F0B0FA21
:102DC00080F0814204D100221146206803F079FB93
:102DD0000121206803F04CFB400320684FF0010103
:102DE0005DD003F045FB90FAA0F0B0FA80F12868BE
:102DF000420359D090FAA0F0B0FA80F0814204D199
:102E000000220121206803F05CFB0221206803F00E
:102E10002FFB400320684FF0020148D003F028FB4D
:102E200090FAA0F0B0FA80F12868420344D090FAFA
:102E3000A0F0B0FA80F0814204D100220221206883
:102E400003F03FFB0321206803F012FB40032068DE
:102E50004FF0030133D003F00BFB90FAA0F0B0FA6F
:102E600080F1286842032FD090FAA0F0B0FA80F0E9
:102E7000814204D100220321206803F022FB206854
:102E8000816811F0010F22D0ABE000E004E003F014
:102E9000EFFAC0F384618DE7C0F3846091E703F03B
:102EA000E7FAC0F38461A2E7C0F38460A6E703F009
:102EB000DFFAC0F38461B7E7C0F38460BBE703F0D7
:102EC000D7FAC0F38461CCE7C0F38460D0E72A7BF3
:102ED000296850F8B03FC1F3120C23EA0C0302F04A
:102EE000180C674A22FA0CF20A4013430360E9689F
:102EF000494576D1286841031BD090FAA0F1B1FA78
:102F000081F1491C01F01F0109294FEA403131D8F4
:102F1000002911D090FAA0F1B1FA81F101F101017B
:102F200001F01F0106FA01F609D100BFC0F3846168
:102F300009E0C0F38461E4E7C0F38461EEE790FA4E
:102F4000A0F1B1FA81F101F1010101F01F0146EA9E
:102F5000816102D1C0F3846003E090FAA0F0B0FA7E
:102F600080F000F1010000F01F0000EB400041EA9A
:102F7000005132E000290ED090FAA0F1B1FA81F1AF
:102F800001F1010101F01F0106FA01F606D100BFAF
:102F9000C0F3846106E0C0F38461F1E790FAA0F128
:102FA000B1FA81F101F1010101F01F0146EA8161ED
:102FB00002D1C0F3846003E090FAA0F0B0FA80F090
:102FC00000F1010000F01F002E4A00EB400002EB70
:102FD000005041EA000141F00071AA68206803F046
:102FE00061FA29482A6802423FF47CAE274881688A
:102FF000274E284B284D01F0E071B2421DD10E0240
:103000001BD422689A4202D0AA427FF46BAE826837
:1030100041F4000122F0E0720A4382601F48204917
:103020000068B0FBF1F0401C00EB4000800000E0C5
:10303000401E00900028FBD154E61A4EB24209D13E
:10304000CE0107D422689A4201D0AA42F4D141F0BD
:1030500080710AE06FF00045EA42EDD14A02EBD4FC
:1030600022689A42E8D141F48001826822F0E0723D
:103070000A43826036E6000000007F4000F0FF0354
:10308000FFFF0700000020FE00000880000304503E
:10309000000052C700000450000204507C000020D1
:1030A000400D0300000084CB18BCBDE8E08F7047E2
:1030B00070470068006C70472DE9F05F04460068B7
:1030C00006684568DFF854B2DBF8080000F01F0717
:1030D000B0070ED5A8070CD5606DC00603D4606D8F
:1030E00040F4006060652046FFF75FFD2168022024
:1030F0000860DFF82CA2DFF82C82700701D5680782
:1031000003D4300737D5280735D5606DC00603D402
:10311000606D40F400706065206803F0BBF920B377
:103120002068504501D1424600E00246824208D064
:103130003FB1052F05D0092F03D0504503D141469B
:1031400002E0C16801E00146C96889040DD4016844
:1031500009070AD503F096F958B3606D40F01000E6
:103160006065A06D40F00100A0652046FFF79FFF5D
:1031700021680C200860B00601D5A80603D47006AB
:1031800058D5680656D5606DC00603D4606D40F40E
:10319000005060652068C16C11F0C00F1AD000218A
:1031A000894603F077F902462068504514D143461A
:1031B00013E02068416821F00C014160606D20F44B
:1031C00080706065606DC004CFD4606D40F0010018
:1031D0006065CAE70121E3E70346834208D03FB1B7
:1031E000062F05D0072F03D0504503D1414602E0FA
:1031F000C16801E00146C968B9F1000F14D08B0124
:1032000002D58AB18A040FD4026852060CD589020D
:103210000AD403F033F9E8B3606D40F01000606544
:10322000A06D40F00100A0652046FFF7BFFC2168BB
:103230006020086030060BD5280609D5606D40F483
:1032400080306065204600F059F9216880200860D0
:10325000F0050CD5E8050AD5606D40F400306065D6
:103260002046FFF7A5FC21684FF480700860B00588
:103270000CD5A8050AD5606D40F480206065204615
:10328000FFF797FC21684FF400700860F0062ED518
:10329000E80600E008E02AD5606BD0B1AFB1DBF8FA
:1032A000080000F4604013E02068416821F06001EC
:1032B0004160606D20F480506065606DC005B3D4DE
:1032C000606D40F001006065AEE72068C068C0072F
:1032D00050B1606D40F480606065A06D40F0020008
:1032E000A0652046FFF7E4FE216810200860700505
:1032F00012D5680510D5606D40F480406065A06D02
:1033000040F00800A06521684FF480600860204606
:1033100000F00AB8FFF74BBC00F00BB800030450F4
:10332000000104500000045030BCBDE8C05FFFF74E
:10333000F1BF30BCBDE8C09FF8B54FF000050400F8
:103340002E46009502D0606D10B107E00120F8BD57
:10335000204600F0D5F8A66584F8506020688168A2
:10336000C1F3407119B181685A4A114081602068E7
:103370008168C1F3007189B98168574A114041F0F1
:1033800080518160554856490068B0FBF1F040001B
:10339000801C00E0401E00900028FBD1206881685E
:1033A000C1F3007141B9616D41F010016165A16D1A
:1033B00041F00101A165012503F064F8616DC906C2
:1033C00000D430B1606D40F01000606501252846E2
:1033D000F8BD606D20F4807040F0020060652068E8
:1033E000806810F0010F15D13E4880683E4900F01A
:1033F0000100896801F0010108433C49896801F036
:103400000101084306D13A4960688A6822F47C12B7
:1034100002438A60E168606B627E0843A16841EA0A
:103420004231084394F8201040EA0140012904D1B8
:10343000A18C304A02EB41410843A16A29B101F451
:103440007071E26A014342EA01002268D1682A4BA6
:1034500019400143D160206803F010F8A8B9207E1C
:1034600094F83010800340EA41012068C26844F2B9
:1034700002039A430A43C26094F8380001280CD032
:103480002068016921F0010101612069012820689B
:10349000016B21F00F0111D013E0D4E90F010843B3
:1034A000D4E911121143084321680A6940F2FC7300
:1034B0009A43104340F001000861E6E7E269521EBA
:1034C00011430163606D20F0020040F0010060656F
:1034D0007DE70000C0FFFF5FC0FFFF7F7C00002092
:1034E000400D03000000045000010450000204508D
:1034F000000304500000FEFF07C0F0FF704700000B
:1035000010B5A8B00446142122A8FCF7E5FE8821D6
:103510006846FCF7E1FE20492068884239D14FF423
:103520008040009080031E900120019002901020A6
:10353000039007200490022005900690C005079094
:10354000684600F063FE08B1FFF72DFB1348C16C1D
:1035500041F40051C164C16C01F400512791C16C68
:1035600041F00401C164C06C22A900F0040027905E
:10357000082022900B20239000202490084800F07F
:103580009BF900221146122000F0C2FD122000F02B
:10359000B1FD28B010BD0000000004500010024032
:1035A000000800482DE9F04104463A480F4681687A
:1035B00001F01F05616908290FD085B1052D0ED0D6
:1035C000092D0CD0806800F4604060B1606D40F05F
:1035D000200060650120BDE8F081082604E0206835
:1035E000C068C007F1E7042600F080FA804615E0C5
:1035F000781C13D000F07AFAA0EB0800B84200D88B
:1036000067B920680068304208D1606D40F004005E
:103610006065002084F850000320DCE72068006823
:103620003042E5D0606D40F400706065206802F0C3
:1036300031FF80B1607E70B92068006800070AD54C
:10364000606D20F480706065606DC00403D4606DAF
:1036500040F001006065104A20681049904201D195
:103660000B4600E00346834210D07DB1052D0DD0FE
:10367000092D0BD0904200D00146C968082E07D012
:10368000490401D40C2101600020A4E7C168F5E7DA
:103690000821F8E700030450000104500000045022
:1036A0002DE9F04104463748806800F01F05206886
:1036B00002F0E8FE18B102210846BDE8F08194F856
:1036C000500001280CD0012084F850002046FDF75E
:1036D000C1FC01004FF0000304D084F85030EBE748
:1036E0000220EAE7606D40F60162904340F480708A
:1036F0006065254A2068254E904201D1374600E09A
:103700000746874200D01DB9676D27F480176765AB
:10371000676DFF0404D5A76D27F00607A76500E0D5
:10372000A3651C27076084F850302068904201D1BF
:10373000334600E00346834215D0A5B1052D12D0D3
:10374000092D10D0636D43F480136365904200D15E
:103750003046C0688001AFD5606D20F4005040F461
:1037600080506065A8E7C268920105D5626D22F4B9
:10377000005242F4805262658268054B1A40121D65
:10378000826099E7000304500001045000000450D7
:10379000C0FFFF7F10B5044690F85000012808D004
:1037A000012084F8500003212046FDF7A9FB10B149
:1037B0000BE0022010BD2046FDF714FC28B9616D16
:1037C00021F4885141F001016165002184F8501015
:1037D00010BD10B590F825100022022905D0042153
:1037E000C16380F82420012010BD01680B6823F01C
:1037F0000E030B6001680B6823F001030B6090F867
:103800004410046C01F01C03012101FA03F363600E
:1038100080F8251080F82420104610BD10B590F8CF
:1038200025100024022903D00421C16301241AE0D9
:1038300001680A6822F00E020A6001680A6822F034
:1038400001020A6090F84410036C01F01C0201218F
:1038500001FA02F25A6080F82510002180F8241045
:10386000816B01B18847204610BD000070B5044649
:1038700000F03CF90546601C02D00448007804447E
:1038800000F034F9401BA042FAD370BD7000002054
:10389000202802D101490120C871704798000020FA
:1038A000044910B50A68024202D00860FFF7F0FF31
:1038B00010BD0000140401402DE9F04FDFF8EC9139
:1038C00000220127A9F1040B85B003254FF00F0C4E
:1038D00009F1040AABF1040EE0E000BF07FA02F4BC
:1038E00016EA04037ED00E7906F00306012E01D0FD
:1038F000022E1FD186680096560005FA06F8049637
:10390000009E26EA08060096D1F80C80049E08FA6C
:1039100006F8009E48EA0608C0F80880466891F854
:103920000480A643C8F3001808FA02F848EA06081B
:10393000C0F80480D1F804806FEA0806B6070AD1FF
:10394000C66AA643C8F3C00494403443C4620C79E9
:10395000E443A4070AD0C4684FEA420805FA08F60F
:10396000B4438E6806FA08F62643C6600C7904F064
:103970000304022C11D1D40800EB84060296D6F879
:1039800020805407E60E0CFA06F428EA04080C69B5
:10399000B440029E44EA0804346204685600029669
:1039A00005FA06F6B4430E7906F00308029E08FAFB
:1039B00006F848EA0408C0F800804C6814F4403F58
:1039C0006BD03B4C266E46F001062666246E22F034
:1039D000030604F001040094364C34440294A468B5
:1039E000960700E059E04FEA16780CFA08F6B4435F
:1039F000B0F1904F04D0304EB04203D101261BE00D
:103A0000002619E02D4EB04201D1022614E02C4EC2
:103A1000B04201D103260FE02A4EB04201D1042664
:103A20000AE0294EB04201D1052605E0274EB042FA
:103A300001D1062600E0072606FA08F62643029C76
:103A4000A660D9F800404E46D1F804809C435FEA56
:103A5000C82800D51C433460DAF800405646D1F837
:103A600004809C435FEA882800D51C433460DBF85F
:103A700000405E46D1F804809C435FEA883800D558
:103A80001C433460DEF800407646D1F804809C4345
:103A90005FEAC83800D51C433460521C0B681E46D0
:103AA000D3407FF41BAF05B000F012B8080401400A
:103AB00000100240000001400004004800080048D7
:103AC000000C00480010004800140048001800488E
:103AD00030BCBDE8C08F0069084000D001207047AD
:103AE0000AB18161704781627047000001488068B7
:103AF000704700007000002090F84120202A24D157
:103B000090F84020012A20D0012280F84020242271
:103B100080F841200268136823F0010313600268F3
:103B2000136823F480531360026813680B43136017
:103B300001680A6842F001020A60202180F8411001
:103B4000002180F84010084670470220704790F826
:103B50004120202A22D190F84020012A1ED00122A3
:103B600080F84020242280F841200268136823F066
:103B7000010313600268136823F4706343EA0121B0
:103B8000116001680A6842F001020A60202180F891
:103B90004110002180F8401008467047022070470D
:103BA00070B5040004D094F84100002510B106E07F
:103BB000012070BD84F84050204600F0B5F9242063
:103BC00084F841002068016821F00101016060680B
:103BD000216820F0706008612068816821F400414C
:103BE0008160E0680128A06830D040F4044021687A
:103BF0008860E0680228206841682AD021F40061CA
:103C0000416020684168144A114341602068C168DE
:103C100021F40041C160D4E904010843A16940EAEC
:103C200001202168C860D4E90701084321680860C1
:103C30002068016841F0010101606564202084F87A
:103C40004100256384F84250002070BD40F40040DC
:103C5000CDE741F40061D3E7008000022DE9FF4F7A
:103C600083B00446DDE9108790F84100DDF848A0F4
:103C70009B46202876D15FEA080015D0A7B194F8BA
:103C8000400001286ED04FF0010984F84090FFF702
:103C90002DFF0646012200901923D103204601F092
:103CA00069FF002872D103E04FF4007060646DE09A
:103CB000222084F84100402084F8420000256564F9
:103CC000C4F8248067856563CDE900A6DDE90412A8
:103CD0005B46204601F0D2FE10B184F8405055E01A
:103CE000618D35484FF080774FF00078FF2905D976
:103CF000A4F828904A463B46009005E0618D218556
:103D0000009094F8282043462046049901F01AFFB9
:103D10005346002204212046009601F02BFFA8BB49
:103D20002068406A616A0870606A401C6062208D89
:103D3000401E81B22185608D401E6085608DE0B19E
:103D4000D9B95346002280212046009601F012FF87
:103D5000E0B9608DFF2806D9A4F828904A463B4672
:103D6000009506E026E0608D2085009594F82820D7
:103D700043462046049901F0E5FE608D0028C7D136
:103D800032465146204601F032FF18B1012007B0FB
:103D900000F016B821682020C86121684A68074BE6
:103DA0001A404A6084F8410084F8425084F8405038
:103DB0000020ECE70220EAE70024008000E800FE93
:103DC00030BCBDE8C08F00002DE9FF4F83B0044632
:103DD000DDE9108790F84100DDF848909A46934657
:103DE000202871D15FEA080014D09FB194F84000F8
:103DF000012869D0012084F84000FFF777FE0646CD
:103E0000012200901923D103204601F0B3FE0028BF
:103E10006ED103E04FF40070606469E0212084F803
:103E20004100402084F8420000256564C4F82480E5
:103E300067856563CDE9009653465A462046049946
:103E400001F04EFE10B184F8405051E0608DFF2724
:103E50004FF080784FF0007AFF2804D927853A4642
:103E60004346009505E0608D2085009594F8282054
:103E700053462046049901F065FE324649462046E5
:103E800001F0E0FEA0BB606A216800788862606A89
:103E9000401C6062608D401E6085208D401E80B297
:103EA0002085618DD9B1D0B94B46002280212046B2
:103EB000009601F05FFED8B9608DFF2805D92785EF
:103EC0003A464346009506E026E0608D2085009541
:103ED00094F8282053462046049901F033FE608D63
:103EE0000028CAD132464946204601F080FE18B16A
:103EF000012007B000F014B820682021C1612068BB
:103F00004268064B1A40426084F8411084F84250DF
:103F100084F840500020ECE70220EAE700E800FEC9
:103F200030BCBDE8C08F00002DE9F043A9B00446C5
:103F3000142122A8FCF7D0F988216846FCF7CCF9B7
:103F40003E4A20683E4C122603250427DFF8F490F1
:103F50000021904222D1402014910090884668466A
:103F600000F054F908B1FEF71EFEE06C40F00200CC
:103F7000E064E06C22A900F002002790C02081E8F4
:103F80004101CDE925574846FFF796FCA06D40F466
:103F90000010A065A06D00F4001025E02A4A9042B0
:103FA00026D18020009088461591684600F02EF9B1
:103FB00008B1FEF7F8FDE06C40F00200E064E06C50
:103FC00022A900F0020027904FF4406081E84101EF
:103FD000CDE925574846FFF76FFCA06D40F48000FF
:103FE000A065A06D00F48000279029B0BDE8F083A3
:103FF000164A9042F9D1801500908846169168467D
:1040000000F004F908B1FEF7CEFDE06C40F00400CA
:10401000E064E06C22A900F0040081E86001CDE9D1
:10402000267025950A48FFF747FCA06D40F4000074
:10403000A065A06D00F40000D6E700000054004029
:10404000001002400004004800580040005C00409E
:104050000008004802488168027811448160704776
:104060007000002010B50024032000F071F80F202C
:1040700000F008F808B1012401E000F025F820461E
:1040800010BD000070B50E4E05460024307898B182
:104090004FF47A71B1FBF0F00A490968B1FBF0F016
:1040A00000F030FE40B9102D06D200222946501EE5
:1040B00000F02EF8756000E00124204670BD00007D
:1040C000700000207C000020094808B5016E41F016
:1040D00001010166016E01F001010091816D41F065
:1040E00080518165806D00F08050009008BD000017
:1040F00000100240002809DB00F01F02012191405E
:104100004009800000F1E020C0F800117047000075
:10411000F0B40E4B1B680C46C3F30223C3F1070532
:10412000042D00D90425191D072901D2002300E020
:10413000DB1E012606FA05F1491E214099409E40EA
:10414000761E16403143F0BC03F0C1BD0CED00E01B
:10415000064900F0070208684FF6FF03184040EADE
:104160000220034A10430860704700000CED00E095
:104170000000FA051649B0F5007F0868C0F3412039
:1041800009D0022805D0086820F4C06040F480609F
:104190000860002070470128FBD0086820F4C06048
:1041A00040F4007008600B483222006850430A4A0D
:1041B000B0FBF2F0401C00E0401E4A69520501D5F8
:1041C0000028F9D148694005E3D503207047000075
:1041D000007000407C00002040420F000248006850
:1041E00000F4C060704700000070004002480168A1
:1041F00041F480710160704700700040024801681E
:1042000041F0040101607047001002402DE9F84FB1
:10421000044600270088E54D3E46010504F1200BC9
:104220001DD5606E78B1B0F5800F11D0B0F5000FDC
:1042300004D0B0F5400F22D001270FE0E86840F429
:104240008030E8601BE00021201D02F087FD03E0C4
:104250000021584602F018FE070010D03E46208884
:10426000C00426D5A06EC0B1B0F1807F1AD0B0F1E5
:10427000007F0DD0B0F1407F19D0012718E0D5F8AC
:104280008800616E20F440000843C5F88800E6E726
:10429000E86840F48030E86009E00021201D02F069
:1042A0005DFD03E00021584602F0EEFD0746F7B140
:1042B0003E46206880033AD5A86D4FF00008C00044
:1042C00009D4A86D40F08050A865A86D4FF0010892
:1042D00000F080500090DFF8D8A2DAF8001041F426
:1042E0008071CAF80010FFF701FC814610E0D5F894
:1042F0008800A16E20F040700843C5F88800D8E718
:10430000FFF7F4FBA0EB0900022801D9032705E021
:10431000DAF80000C005F3D5002F7CD04FEA07067D
:10432000B8F1000F03D0A86D20F08050A865207868
:10433000C00707D0D5F88800A16B20F00300084320
:10434000C5F888002078800707D5D5F88800E16B8C
:1043500020F00C000843C5F888002078400707D5F6
:10436000D5F88800216C20F030000843C5F888009B
:104370002078000707D5D5F88800616C20F0C000D0
:104380000843C5F888002078C00607D5D5F888000E
:10439000A16C20F440700843C5F88800207880069E
:1043A00007D5D5F88800E16C20F440600843C5F8D3
:1043B00088002088800507D5D5F88800E16D20F4B5
:1043C00040200843C5F888002088400507D5D5F867
:1043D0008800216E20F440100843C5F8880020783A
:1043E000400607D5D5F88800216D20F440500843D9
:1043F000C5F888002078000607D5D5F88800616DDB
:1044000020F440400843C5F888002088C00509D53D
:10441000D5F8880000E01CE0A16D20F4403008438E
:10442000C5F8880020884FF0006780044FF080684E
:104430004FD5D5F88800E16E20F040600843C5F8FC
:104440008800E06EB8423CD1E86840F48010E86033
:104450003FE0D5F8900010F4407015D0D4F88410E7
:10446000814211D0D5F89000D5F8901020F440701A
:1044700041F48031C5F89010D5F8901021F48031C6
:10448000C5F89010C5F89000C00710D0FFF72EFBBC
:10449000074641F2883906E0FFF728FBC11B494572
:1044A00001D903263CE7D5F890008007F4D5D5F86C
:1044B0009000D4F8841020F440700843C5F89000B0
:1044C0002EE7404505D10121201D02F047FC00B137
:1044D00006462068000317D5D5F88800216F20F024
:1044E00040600843C5F88800206FB84204D1E868EE
:1044F00040F48010E86007E0404505D10121201D0F
:1045000002F02CFC00B106462068400317D5D5F810
:104510008800616F20F040600843C5F88800606F34
:10452000B84204D1E86840F48010E86007E04045F4
:1045300005D10121201D02F011FC00B106462088A2
:1045400040041AD5D5F88800A16F20F040500843E8
:10455000C5F88800A06FB0F1805F03D0B0F1005FB4
:1045600005D00AE00221201D02F0F8FB03E0022141
:10457000584602F089FC00B106462088000407D5A1
:10458000D5F88800E16F20F080400843C5F8880026
:104590002068C00307D555F8880FD4F8801020F0A4
:1045A000004008432860304600F004B80010024084
:1045B0000070004018BCBDE8E08F00002DE9F04716
:1045C0000F4605006BD0494E306800F00700B84236
:1045D00009D2306820F0070038433060306800F0BE
:1045E0000700B8425BD12878414C80070AD5A868FB
:1045F000A16801F0F001884204D9A16821F0F0011E
:104600000143A1602878C0072CD06868032811D026
:10461000022812D0216898B1490500293FDAA16823
:1046200021F003010143A160FFF760FA804641F2E7
:10463000883910E021688901EFE721688903ECE7F8
:104640008907EAE7FFF752FAA0EB0801494502D9CA
:104650000320BDE8F087A068696800F00C00B0EBAB
:10466000810FEFD1287880070AD5A868A16801F0EA
:10467000F001884204D2A16821F0F0010143A16059
:10468000306800F00700B8420BD9306820F007000E
:1046900038433060306800F00700B84201D0012094
:1046A000D7E72878400705D5A068E96820F4E060DE
:1046B0000843A0602878000706D5A068296920F47F
:1046C000605040EAC100A06000F03EF8A168094ACD
:1046D000C1F30311515C01F01F01C8400649086095
:1046E00006480068BDE8F047FFF7CCBC0020024058
:1046F0000010024048B800087C0000207400002030
:104700000548064900688968054AC1F30221515CE1
:1047100001F01F01C84070477C00002000100240DB
:1047200088B800080548064900688968054AC1F349
:10473000C221515C01F01F01C84070477C0000207D
:104740000010024088B8000870B5254900231846BB
:104750008A68CC6812F00C0204F00306214C4FEA80
:10476000640509D00C2A05D0042A32D0082A00D1C9
:10477000284670BD012E10D10B681B0704D4D1F858
:104780009430C3F3032302E00B68C3F30313164E04
:1047900056F82330DAB10C2AEBD1C86800F00300D8
:1047A000022818D0032818D01846CA68CB68C2F36C
:1047B0000212C3F306234343521CB3FBF2F2C86850
:1047C000C0F34160401C4000B2FBF0F070BD1846E1
:1047D00070BD204670BD2046E7E72846E5E70000AB
:1047E000001002400024F40058B800082DE9F843F6
:1047F00004006FD0FD4DA86800F00C06E86800F0DA
:1048000003072078C00664D576B10C2E01D1012FA4
:104810000AD0A069002828687AD040F001002860FA
:10482000FFF764F980465DE02868800702D5A0693B
:104830000028DED0216A2868000703D5286800F028
:10484000F00004E0D5F89400F02202EA1010814252
:1048500016D9084602F09CFB00283BD1286840F09E
:10486000080028602868216A20F0F00008432860CA
:104870006868E16920F47F4040EA0120686016E042
:10488000286840F0080028602868216A20F0F000BD
:10489000084328606868E16920F47F4040EA01200D
:1048A000686026B9206A02F073FB0028D5D1FFF7B3
:1048B0004BFFA968CE4AC1F30311515C01F01F01FF
:1048C000C840CC490860CC480068FFF7DBFB0028F3
:1048D0007ED12EE0CAE000BFFFF708F9A0EB080088
:1048E000022876D828688007F6D5286840F00800A6
:1048F00028602868216A20F0F00008432860686872
:10490000E16920F47F4040EA0120686011E0FFE7A0
:1049100020F001002860FFF7E9F8804606E000BFBC
:10492000FFF7E4F8A0EB08000228DAD8286880072F
:10493000F6D42078C00740D0082E18D00C2E01D114
:10494000032F14D06068B0F5803F17D0B0F5A02FCA
:10495000286817D020F480302860286820F4802050
:1049600028606068E0B1FFF7C1F8804614E028686D
:10497000800322D56068002878D01EE0286840F4C3
:104980008030EDE740F480202860F7E7FFF7AEF8CD
:10499000A0EB08006428A4D828688003F6D50CE0B2
:1049A000FFF7A4F8804605E0FFF7A0F8A0EB0800A9
:1049B000642896D828688003F6D4207880073BD5F1
:1049C000042E11D00C2E01D1022F0DD0E06801E091
:1049D00086E1D6E0002828681ED040F48070286068
:1049E000FFF784F807460CE0286840050CD5E0681E
:1049F0000028C1D008E000BFFFF778F8C01B0228EC
:104A000093D828684005F7D56868217C20F0F850D5
:104A100040EA016068600FE020F480702860FFF7D2
:104A200065F8074605E000BFFFF760F8C01B0228E5
:104A3000B1D828684005F7D42078000729D56069E7
:104A40000028D5F8940012D040F00100C5F8940079
:104A5000FFF74CF8074604E0FFF748F8C01B0228B0
:104A600099D8D5F894008007F6D512E000E120F03F
:104A70000100C5F89400FFF739F8074605E000BFCC
:104A8000FFF734F8C01B02287BD8D5F894008007C4
:104A9000F6D42078400766D5A86D0027C00008D45A
:104AA000A86D40F08050A865A86D012700F08050E7
:104AB000009052480168C90512D40168814641F44A
:104AC00080710160FFF712F8804605E0FFF70EF8ED
:104AD000A0EB0800022854D8D9F80000C005F5D58D
:104AE000A068012816D00528D5F8900017D020F02E
:104AF0000100C5F89000D5F8900020F0040000BF38
:104B0000C5F89000A06841F28839C0B1FEF7EEFF09
:104B100080460FE0D5F8900040F00100F0E740F04B
:104B20000400C5F89000F5E7FEF7E0FFA0EB0801F0
:104B3000494526D8D5F890008007F5D50EE0FEF758
:104B4000D5FF804606E000BFFEF7D0FFA0EB0801CE
:104B5000494516D8D5F890008007F5D41FB1A86D47
:104B600020F08050A865A06AF0B302280AD00C2E6D
:104B70007ED0286820F080702860FEF7B7FF0446DA
:104B8000B0E0ACE0E868E26A00F00301914229D1AC
:104B9000216B00F0700209011039914222D1626B41
:104BA00000F4FE41B1EB022F1CD1A26B00F40031E6
:104BB000072A01D0012200E00022914212D1A18FE8
:104BC00000F4C00249084905A1F50011914209D13C
:104BD00094F8401000F0C06049084906A1F1007146
:104BE00081425ED00C2E0BE072E00000001002400B
:104BF00048B800087C0000207400002000700040CD
:104C000079D02868400176D42868C00073D4286819
:104C100020F080702860FEF769FF064605E000BFBF
:104C2000FEF764FF801B022859D828688001F7D45A
:104C3000D4E90B016FF00F0202EB01110843A18FC1
:104C40005204490802EB4151626B41EA02210843D8
:104C500094F840104FF07E42490802EB416108434E
:104C6000A16B090940EA4140E968244A114000E08B
:104C700041E00843E860286840F080702860E868F8
:104C800040F08070E860FEF731FF044605E000BFA9
:104C9000FEF72CFF001B022821D828688001F7D5D9
:104CA00027E02868800124D4286840F080702860BC
:104CB000E86840F08070E860FEF718FF044604E002
:104CC000FEF714FF001B022809D828688001F7D5D9
:104CD0000FE000BFFEF70AFF001B022802D90320E5
:104CE000BDE8F88328688001F4D4E86804490840E6
:104CF000E8600020F4E70120F2E700008C809DF9D5
:104D0000FCFFEEFE10B5401EB0F1807F01D3012004
:104D100010BD4FF0E02460610F21601702F0D7FF53
:104D20000020A06107202061002010BDF0B590F8A0
:104D30003C20012A39D0012480F83C40022280F82E
:104D40003D20026853689568194E1A4FB24201D04F
:104D5000BA4204D123F4700C4B6843EA0C0323F0ED
:104D6000700C0B6843EA0C0353600268B24210D027
:104D7000B2F1804F0DD0104B9A420AD00F4B9A429D
:104D800007D00F4B9A4204D0BA4202D00D4B9A4240
:104D900004D1896825F080031943916080F83D4073
:104DA000002180F83C100846F0BD0220F0BD000054
:104DB000002C014000340140000400400008004085
:104DC000000C00400040014010B5040003D094F8EE
:104DD0003D0010B107E0012010BD002084F83C0028
:104DE000204600F023F8022084F83D00211D2068B1
:104DF00002F05EF9012084F8480084F83E0084F84F
:104E00003F0084F8400084F8410084F8420084F8B0
:104E1000430084F8440084F8450084F8460084F890
:104E2000470084F83D00002010BD000008B50C4A82
:104E300001680C48914207D1016E41F4006101669E
:104E4000006E00F4006009E0074A914207D1816DCD
:104E500041F004018165806D00F00400009008BD00
:104E6000002C0140001002400008004090F83D1066
:104E7000012901D001207047022180F83D1000680F
:104E80001149884211D0B0F1804F0ED00F498842AD
:104E90000BD00F49884208D00E49884205D00E49F0
:104EA000884202D00D49884207D181680C4A1140DE
:104EB000062906D0B1F5803F03D0016841F0010119
:104EC0000160002070470000002C014000040040F9
:104ED00000080040000C0040003401400040014048
:104EE0000700010001680A6A41F211131A4207D152
:104EF0000A6A9B101A4203D10A6822F001020A6072
:104F0000012180F83D1000207047000070B5044674
:104F100090F83C000025012817D0012684F83C6059
:104F2000022084F83D00226890682F4B184020F43E
:104F30007F4090600868502838D00DDC20284FD082
:104F400005DC90B3102811D14AE0022070BD302852
:104F500046D040280AD13BE060282FD070280DD0E1
:104F6000B0F5805F03D0B0F5005F12D0012584F862
:104F70003D60002084F83C00284670BDCB68D1E934
:104F80000121206802F009F92068816841F0770169
:104F900009E0CB68D1E90121206802F0FEF8206821
:104FA000816841F480418160E1E719E0CA6849689D
:104FB000206802F08DFA5021206806E0CA6849682E
:104FC000206802F096FA6021206802F0F0F8CEE73F
:104FD000CA684968206802F07BFA40212068F4E73B
:104FE000226801461046F0E788FFFEFF10B586B044
:104FF000044614216846FBF76FF90D492068884282
:1050000014D10C48C16C41F00201C164C06C002194
:1050100000F002000590012000900220CDE901017E
:10502000CDE9031069460448FEF746FC06B010BD02
:1050300000040040001002400004004870B504461F
:1050400090F83C0000260D4601280BD0012084F882
:105050003C000C2A4AD007DC82B1042A20D0082A5E
:1050600006D131E0022070BD102A53D0142A63D03B
:105070000126002084F83C00304670BD206802F014
:105080009FF82068816941F0080181612068816989
:1050900021F004018161206881692A69114311E0CE
:1050A000206802F0DBF82068816941F400618161C9
:1050B0002068816921F480618161206881692A69A1
:1050C00041EA02218161D4E7206802F00FF92068EB
:1050D000C16941F00801C1612068C16921F0040182
:1050E000C1612068C1692A69114311E0206802F09A
:1050F00045F92068C16941F40061C1612068C16956
:1051000021F48061C1612068C1692A6941EA0221F4
:10511000C161AEE7206802F06BF92068416D41F093
:10512000080141652068416D21F004014165206856
:10513000416D2A69114311E0206802F091F920685D
:10514000416D41F4006141652068416D21F4806149
:1051500041652068416D2A6941EA0221416588E77D
:1051600010B5040003D094F83D0010B107E0012011
:1051700010BD002084F83C00204600F023F80220F7
:1051800084F83D00211D206801F092FF012084F881
:10519000480084F83E0084F83F0084F8400084F81A
:1051A000410084F8420084F8430084F8440084F805
:1051B000450084F8460084F8470084F83D0000204C
:1051C00010BD000008B500680649884208D10648AD
:1051D000816D41F002018165806D00F00200009058
:1051E00008BD0000000400400010024030B5044635
:1051F000022269B1042912D0082917D00C291CD029
:10520000102921D094F84300012824D0012030BD7A
:1052100094F83E000128F9D184F83E201DE094F86E
:105220003F000128F2D184F83F2016E094F84000B6
:105230000128EBD184F840200FE094F841000128C8
:10524000E4D184F8412008E094F842000128DDD13F
:1052500084F8422001E084F843200122206801F014
:105260008FFF1A4A20681A4B1A49904209D0984277
:1052700007D0884205D0184DA84202D0174DA84249
:1052800003D1456C45F400454564206890420FD039
:10529000B0F1804F0CD0124A904209D0114A90428E
:1052A00006D0114A904203D0984201D0884207D1DB
:1052B00081680E4A1140062906D0B1F5803F03D01F
:1052C000016841F001010160002030BD002C014067
:1052D00000340140004001400044014000480140CA
:1052E0000004004000080040000C004007000100DE
:1052F00030B504460D460068002201F041FF224B04
:1053000041F2111120688A1098420BD01F4B98422D
:1053100008D01F4B984205D01E4B984202D01E4B1E
:10532000984209D1036A0B4206D1036A134203D1A2
:10533000436C23F4004343642068036A0B4206D1A4
:10534000016A114203D1016821F0010101600120CD
:105350005DB1042D0CD0082D0DD00C2D0ED0102DCC
:105360000FD084F84300002030BD84F83E00FAE7F7
:1053700084F83F00F7E784F84000F4E784F8410040
:10538000F1E784F84200EEE7002C014000340140D0
:105390000040014000440140004801407047704710
:1053A00000680C4A0821904206D10B48006801624F
:1053B00001220A49084809E0094A904208D10948EF
:1053C0000068016205490122491C064800F020BA24
:1053D0007047000000480040200700200000002027
:1053E00000380140980600202DE9F041026804468B
:1053F000D0691168936840F60F0528424FF0000508
:105400004FF0020605D187067ED58F067CD5A16EAA
:1054100033E1DFF894C203F0010701EA0C0C57EA0C
:105420000C0C71D05FEAC07C0CD05FEAC15C09D57E
:105430004FF0010CC2F820C0D4F8842042F00102E1
:10544000C4F88420820709D5DA0707D022681662DB
:10545000D4F8842042F00402C4F8842042070AD51C
:10546000DA0708D0236804221A62D4F8842042F0B4
:105470000202C4F8842002070CD501F020023A434E
:1054800008D0236808221A62D4F8842042F0080267
:10549000C4F8842002050BD54A0109D523684FF4CE
:1054A00000621A62D4F8842042F02002C4F88420FA
:1054B000D4F88420002A36D0800605D5880603D586
:1054C000A16E09B120468847D4F884002168896814
:1054D000490602D410F0280F27D0204602F0DDF84C
:1054E0002068806840061BD52068083050E8001FFF
:1054F00021F0400140E80012002AF5D1606F78B138
:105500006A498163606F00E015E0FEF787F90028C3
:1055100009D0606F816B00E02046BDE8F04108478C
:105520002046FFF73DFFBDE8F0812046FFF738FF3A
:10553000C4F88450F7E7D4F860C02027BCF1010F0D
:105540007ED15FEAC06C7BD55FEAC16C78D5102054
:1055500010622068806840064FD5616F0A68506805
:105560000004000C3DD0B4F85830834239D9A4F877
:105570005A000868006880062BD4206850E8001F95
:1055800021F4807140E80012002AF6D1206808302A
:1055900050E8001F21F0010140E80012002AF5D177
:1055A0002068083050E8001F21F0400140E8001258
:1055B000002AF5D1C4F880702566206850E8001FE5
:1055C00021F0100140E80012002AF6D1606FFEF7CA
:1055D00000F96666B4F85800B4F85A10401A81B25F
:1055E00007E0B4F8581081429DD1106880069AD522
:1055F00066662046FFF7D2FE95E7B4F85800B4F887
:105600005A10401A81B2B4F85A0000288BD00029F1
:1056100089D0226852E8000F20F4907042E800031D
:10562000002BF6D12068083050E8002F22F001024C
:1056300040E80023002BF5D1C4F88070256600E017
:105640000AE0A566226852E8000F20F0100042E848
:105650000003002BF6D1CBE7C60209D55B0207D5C4
:105660004FF4801010622046BDE8F041FFF797BE6E
:10567000020606D50A0604D5E16E00297FF44CAF78
:1056800051E74006B8D54806B6D52046026852E82C
:10569000001F21F0400142E80013002BF6D1C7673C
:1056A000C56600F051F93EE7200100048776000846
:1056B00010B5040002D0E06F10B107E0012010BD6A
:1056C000002084F87800204600F026F82420E067C7
:1056D0002068016821F001010160606A10B1204674
:1056E00001F019FF204602F0C7F80128E7D0206832
:1056F000416821F4904141602068816821F02A01CD
:1057000081602068016841F0010101602046BDE828
:10571000104001F064BF00002DE9F041A8B004463C
:10572000142122A8FAF7D8FD88216846FAF7D4FD9B
:1057300033492068334C0226032700254FF0070821
:1057400088422BD1012000900E956846FEF75EFD41
:1057500008B1FDF728FA206E40F480402066206EE4
:1057600000F480402790E06C40F00100E064E06CC1
:1057700024AA00F0010027904FF4C060CDE9220672
:1057800082E8A00122A94FF09040FEF795F801228F
:1057900000212520FEF7BCFC25202BE01A49884279
:1057A0002AD10420009010956846FEF72FFD08B11D
:1057B000FDF7F9F9A06D40F48020A065A06D00F41C
:1057C00080202790E06C40F00400E064E06C24AAA4
:1057D00000F0040027903020CDE9220682E8A001E5
:1057E00022A90A48FEF768F8002211462720FEF792
:1057F0008FFC2720FEF77EFC28B0BDE8F08100007A
:1058000000380140001002400048004000080048F5
:1058100030B4D0F88030202B02D0022030BC70474A
:10582000A9B1A2B1002303660A4C0368A3420BD0BE
:105830005B681B0208D5046854E8003F43F08063AE
:1058400044E80035002DF6D130BC02F039B9012012
:10585000E4E700000080004010B500680C4A0D49E4
:10586000904206D10878FBF7C1FF012209490A4896
:1058700009E00A4A90420AD14878FBF749FD0549F8
:1058800001220748491CBDE81040FFF7C1BF10BD09
:1058900000480040000000202007002000380140A0
:1058A000980600202DE9F8430446C06F9846164636
:1058B0000D46202802D00220BDE8F88395B18EB1B4
:1058C0000020C4F884002120E067FEF70FF9A4F857
:1058D00050608146A4F85260A0682027B0F5805F30
:1058E00002D003E00120E7E7206910B12E46002531
:1058F00010E000260EE08021204602F03DF9C0B9FC
:10590000D6B116F8010B21680885B4F85200401E84
:10591000A4F85200B4F852004B464FF00002CDF804
:1059200000800028E7D14FF04001204602F024F922
:1059300038B1E7670320BFE735F8020BC0F3080072
:10594000E1E7E7670020B7E77047FEE701688A698B
:10595000D243920701D400228A6200688169C94358
:10596000C90703D0816941F00101816170470000DE
:105970002DE9F047044600688946002681693546CE
:105980001746C9064FF0200841D51021C1612FE00C
:10599000B9F1FF3F2CD0FEF7A9F8C11B494502D849
:1059A000B9F1000F24D12068416894F8422001F435
:1059B00080418369DB431B0415D4B1F5804F12D0BD
:1059C000202A10D0416841F480414160FEF78EF8F2
:1059D000074608E0FEF78AF8C01B192803D945F0EE
:1059E0002005012604E020688069C0438006F1D4C8
:1059F00020688069C043800602D5002EC8D003E02D
:105A000016B92168C1F81C8045F0040501262168FB
:105A10008869C20505D54FF4807245F00105CA6159
:105A20000126410509D522684FF4806145F008053B
:105A3000D1610126800502D40AE0800507D52168DE
:105A40004FF4007045F00205C861012600E086B100
:105A50002046FFF77BFF54F8240B4168064A1140AB
:105A60004160206A2843206284F81D800020A077CE
:105A700020773046BDE8F08700E800FE2DE9F843C6
:105A800004461646DDE9089714489846DAB20090B5
:105A90000023204600F056F83A464946204600F0DA
:105AA000D1F8B8B9F5B2B8F1010F08D02168300AC1
:105AB00088623A464946204600F0C4F850B920684A
:105AC00085624B46002240212046009700F052F8A4
:105AD000002800D00120BDE8F883000000200080ED
:105AE0002DE9F8430446164615489846DDE908971F
:105AF000DAB2C3020090204600F024F83A46494644
:105B0000204600F09FF8B8B9F5B2B8F1010F08D0FF
:105B10002168300A88623A464946204600F092F8E9
:105B200050B9206885624B460022802120460097AC
:105B300000F020F8002800D00120BDE8F883000024
:105B40000020008010B5C1F3090141EA024102685A
:105B5000029C19432143506821F000414FF48063B7
:105B600003EA5453024C234398430843506010BD4A
:105B7000FF63FF032DE9F0411D4617460E4604461C
:105B8000DDF8188027E0424629462046FFF7F0FE60
:105B900010B10120BDE8F081681C1CD0FDF7A6FF04
:105BA000A0EB0800A84200D8ADB92068806936EAA9
:105BB00000000ED00020B8420DD154F8440F40F040
:105BC000200044F80409202060700020A07020709C
:105BD000DFE70120EFE72068806936EA000004D0A3
:105BE0000020B842CFD00020D4E70120F9E770B5FB
:105BF00016460D4604461EE0324629462046FFF76B
:105C0000B7FE08B1012070BDFDF770FF801BA842F0
:105C100000D885B920688069C04380060BD554F848
:105C2000440F40F0200044F8040920206070002058
:105C3000A0702070E6E720688069C0438006DBD44E
:105C4000002070BD70B516460D46044620E0324671
:105C500029462046FFF78CFE08B1012070BD681C64
:105C600016D0FDF743FF801BA84200D885B92068F5
:105C70008069C04380070BD554F8440F40F02000E2
:105C800044F80409202060700020A0702070E4E730
:105C900020688069C0438007D9D4002070BD00000F
:105CA00070B5104D4FF40074002221462846FDF7D0
:105CB00017FF00F019F80122160231462846FDF7B9
:105CC0000FFF00F011F8002231462846FDF708FFCB
:105CD00000F00AF821462846BDE870400122FDF791
:105CE000FFBE000000080048002000BF401CC0B2FA
:105CF0001228FAD37047000010B586B01421684608
:105D0000FAF7EAFA1348C16C41F00401C164C06CAF
:105D1000114C00F0040005904FF4407000901120E9
:105D20000190012002900320039069462046FDF770
:105D3000C3FD012251022046FDF7D2FE01221102CD
:105D40002046FDF7CDFEFFF7CFFF00F0ABF806B021
:105D500010BD0000001002400008004870B50C4C57
:105D6000012251022046FDF7BBFEFFF7BDFF0122D5
:105D7000150229462046FDF7B3FEFFF7B5FF0022C6
:105D800029462046FDF7ACFEBDE87040FFF7ACBFEA
:105D9000000800482DE9F0470024164E80462546AD
:105DA0004FF400794FF480776006040E01223946E3
:105DB0003046FDF795FEFFF797FF49463046FDF761
:105DC0008AFE08B1641CE4B2002239463046FDF771
:105DD00087FEFFF789FF6D1CEDB2082DE4D3B8F103
:105DE000000F04D0FFF75CFF2046BDE8F087FFF707
:105DF000B5FFF9E7000800482DE9F041174E0546C8
:105E000000244FF480774FF40078280601D5012252
:105E100000E0002241463046FDF762FEFFF764FFD6
:105E2000012239463046FDF75BFEFFF75DFF002299
:105E300039463046FDF754FE072C04D10122414675
:105E40003046FDF74DFE6806050EFFF74DFF641C5A
:105E5000E4B2082CD9D3BDE8F08100000008004866
:105E600070B501220E4D540221462846FDF738FE3A
:105E70000122160231462846FDF732FEFFF734FFB5
:105E8000002221462846FDF72BFEFFF72DFF0022BA
:105E900031462846FDF724FEBDE87040FFF724BFD9
:105EA0000008004870B50B4D4FF4007400222146E5
:105EB0002846FDF715FE012211022846FDF710FEC7
:105EC000FFF712FF21462846BDE870400122FDF78A
:105ED00007BE00000008004870B50122104D5402B2
:105EE00021462846FDF7FCFDFFF7FEFE01221602C3
:105EF00031462846FDF7F4FDFFF7F6FE2146284619
:105F0000FDF7E9FD08B1012400E00024002231463C
:105F10002846FDF7E5FDFFF7E7FE204670BD0000CF
:105F2000000800482DE9F041060029D0182E00D9BC
:105F300018262B4DDFF8AC802889A8F5FA6781195F
:105F40008AB2B2F5FA7F17D9A1F5FA718CB2844200
:105F500000D90446001B820008EB84012148FAF7AF
:105F600094F9288907EB8401001B82001E48FAF788
:105F70008CF92889001B288100F04EF860B902E0F6
:105F80000020BDE8F081002423E0154906221831E5
:105F9000072000F02FF908B10120F2E7104818306F
:105FA000017842788907890B41EA022182780379D6
:105FB0001143C27840799207920B42EA03220243CE
:105FC000288948F8201047F82020401C641C2881AC
:105FD000E4B2B442D9D3688930446881D0E7000084
:105FE00098000020D8260020081F002010B54FF48C
:105FF000FA6421460548FAF76FF921460448FAF792
:106000006BF9044900200881488110BD081F002059
:10601000D82600209800002008B56946002000F02E
:10602000D7F828B96946012000F0D2F8002800D03E
:10603000012008BD0148407870470000980000200A
:106040002DE9F04186B00025324C8DF80C508DF8CA
:1060500010508DF81450207888B303A90DF1100862
:1060600005AF042000F0B4F8012640BB41460620ED
:1060700000F0AEF818BB3946052000F0A9F8F0B9D9
:106080009DF80C009DF8141000F01F029DF8100000
:1060900001F01F0100F01F008DF810008DF80C209A
:1060A0008DF81410101A00F01F00E37940EA010285
:1060B0001A4306D001B11020FFF734FF20B100F0E1
:1060C0002DF806B0BDE8F081E57100F025F96078A3
:1060D0000028F6D02089B0F5FA7FF2D360896428D1
:1060E000EFD3658100F0B8F878B10A4A921D02F149
:1060F0000E01501E8DE80700074A0B1FA2F5FA603B
:10610000E16804F041F92671DBE7012000F096F820
:10611000D7E7000098000020D8260020064810B5D8
:10612000002141708170C170FFF760FFBDE8104031
:10613000012000F083B800009800002038B500244A
:106140008DF80040FFF752FF204D0020EC712C70BD
:106150006C70AC70EC702C7100F070F800F05CF8B2
:106160006946FF2000F034F89DF80000152801D1A1
:1061700001202870C021022000F064F900210320D2
:1061800000F060F90021042000F05CF900210520F6
:1061900000F058F90021062000F054F90F210820E2
:1061A00000F050F90321092000F04CF927210A20C2
:1061B00000F048F935210C2000F044F935210D207C
:1061C00000F040F9FFF728FF38BD000098000020DC
:1061D0000EB501234FF4FA62CDE900130292024694
:1061E000AE210348FDF73AFD002800D001200EBD86
:1061F000B80400200EB54FF4FA638DE80E00024695
:106200000123AE210348FDF729FD002800D001201D
:106210000EBD0000B804002010B54021092000F098
:1062200011F9BDE810400A20FDF720BB0249002209
:1062300008790A7170470000980000200549002283
:1062400000280A614A714A618A7101D001200871EF
:1062500070470000980000202DE9F05F4FF0000B20
:1062600028484FF0FF39C8460089DA46DC465F46C9
:106270005C465D46002841D0202801D3202600E05E
:106280000646811B89B2864619E01F481F4A50F80E
:10629000210052F8213000221CEB000C5741E41879
:1062A0005541484500D28146584500D9834643456B
:1062B00000D29846534500D99A46491C89B2714587
:1062C000E3D33246002360463946F9F779FF0746A3
:1062D0003246002320462946F9F772FF40F6C414DF
:1062E0000146ABEB0902AAEB0803A74208D3A1427F
:1062F00006D33C2A04D33C2B02D3012000F008B87B
:106300000020FBE798000020081F0020D82600206E
:1063100030BCBDE8C09F00002DE9F05F00273F4A78
:106320004FF0FF39394610893C463D46BB46C846CA
:10633000BA4604286DD30C2801D30C2600E006468B
:10634000821B92B286461BE03548364B4FF0000C5C
:1063500050F8220053F822303F1841EB0C01E418AA
:1063600045EB0C05484500D28146584500D9834687
:10637000434500D29846534500D99A46521C92B2E2
:106380007245E1D3324600233846F9F719FF074634
:106390003246002320462946F9F712FF01461F48DE
:1063A000ABEB0903AAEB08024478ACB14FF461747B
:1063B000A74205D3A14203D30F2B2CD20F2A2AD2F6
:1063C000C178032901D2491CC170C8B2022820D368
:1063D00000F02AB8FFF7A2BE4FF4E164A74216D33B
:1063E000A14214D31E2B01D21E2A10D38178032977
:1063F00001D2491C8170C9B202290AD3012141701E
:106400000021C17000F015B80120FFF717BF00216F
:10641000817000F013B80021C170FAE798000020E5
:10642000081F0020D826002030BCBDE8C05FFFF761
:10643000D1BF30BCBDE8C05FFFF7E6BF30BCBDE8F0
:10644000C09F000003B583B04FF4FA63012204A992
:106450008DE80E0013460246AE210448FDF7B4FC59
:10646000002800D0012005B000BD0000B8040020C5
:1064700000EB8100006E00F0F84070478068C0F3C8
:10648000C00070478068C0F3800070478068C0F328
:1064900080007047C06810F4406F01D00020704742
:1064A00001207047042303EAD15310B5184443690F
:1064B000C1F3045107248C40A3438A401343436132
:1064C00010BD00EB8100016E21F000411143016617
:1064D00070477CB514460D4606466B4606223B21A6
:1064E000682000F081F800280BD1BDF8001049BAEF
:1064F0003180BDF8021049BA2980BDF8041049BAAC
:1065000021807CBD7CB514460D4606466B460622AE
:106510004321682000F068F800280BD1BDF8001076
:1065200049BA3180BDF8021049BA2980BDF804107B
:1065300049BA21807CBD10B5FFF7DEFB80216B20BE
:1065400000F0C1F86420FDF791F900216B2000F004
:10655000BAF8032000F083F8002000F07BF8322026
:1065600000F09AF80021382000F0ADF800216A20F0
:1065700000F0A9F80021232000F0A5F880213720A1
:1065800000F0A1F8752000F011F8682801D0012072
:1065900010BD01216B2000F096F800216C2000F066
:1065A00092F8322000F078F8002010BD10B50446B3
:1065B000FFF756FCD020FFF71FFCFFF78DFC2046AD
:1065C000FFF71AFCFFF788FCFFF74AFCD120FFF722
:1065D00013FCFFF781FC0020FFF7DCFB0446FFF70C
:1065E00061FC204610BD00002DE9F0411D46144617
:1065F0000F460646FFF734FC7006000EFFF7FCFB63
:10660000FFF76AFC20B1FFF74DFC0120BDE8F081E7
:106610003846FFF7F1FBFFF75FFCFFF721FC012095
:1066200000EB4600C0B2FFF7E7FBFFF755FC09E0BF
:10663000012C0DD05FF00100FFF7ACFB641E05F8E4
:10664000010BE4B2002CF3D1FFF72CFC0020DDE7B6
:106650000020F1E7C006010E1C2000F034B8C0068F
:10666000010E1B2000F02FB8BC2801D3012110E03F
:10667000622801D302210CE02A2801D3032108E07B
:10668000142801D3042104E00A2801D3052100E0E5
:1066900006211A2000F017B810B504464FF47A709E
:1066A000844201D9044602E0042C00D20424B0FB49
:1066B000F4F0401EC1B2192000F005F86008BDE8F2
:1066C0001040FFF7D1BF70B50C460546FFF7C8FB79
:1066D000D020FFF791FBFFF7FFFB50B92846FFF7EB
:1066E0008BFBFFF7F9FB2046FFF786FBFFF7F4FB78
:1066F00018B1FFF7D7FB012070BDFFF7D3FB0020D7
:1067000070BD2DE9F0411E4615460F460446FFF7C1
:10671000A7FB6006000EFFF76FFBFFF7DDFB60B91C
:106720003846FFF769FBFFF7D7FB00240CE0305D2C
:10673000FFF762FBFFF7D0FB20B1FFF7B3FB0120AF
:10674000BDE8F081641CE4B2AC42F0D3FFF7AAFBD1
:106750000020F5E730B589B000240694079418218D
:1067600068460894F9F7B8FD1B481A490425C0E9A2
:1067700000148460C460C0E90445047644760121B5
:10678000C16180F820408462C46280F83040446374
:1067900080F83840FCF7D0FD08B1FCF704FA06A9F0
:1067A0000D480694FCF706FA08B1FCF7FCF90B4813
:1067B00000900620CDE901047F200594CDE9030572
:1067C00069460548FCF774FA002801D0FCF7EBF99C
:1067D00009B030BD00000450540400201000C01067
:1067E0002DE9F04786B014216846F9F775FD444855
:1067F000C16C41F00401C164C16C01F00401059158
:10680000C16C41F08001C164C16C01F0800105914F
:10681000C16C41F00101C164C16C01F0010105913D
:10682000C16C41F00201C164C06CDFF8D88000F097
:1068300002000590012204214046FDF751F94FF076
:106840009049002206214846FDF74AF900224FF4FC
:1068500040714046FDF744F9DFF8ACA04FF4807674
:10686000002231465046FDF73BF904200124002563
:106870008DE83100694640460395FDF71DF8062076
:10688000CDE900040227CDE9024769464846FDF7F5
:1068900013F8F020CDE90005694602944846FDF75B
:1068A0000BF8CDE9006469464046CDE90245FDF7A5
:1068B00003F86002CDE90004CDE90247694640468D
:1068C000FCF7FAFF202000904FF40410CDE90105F9
:1068D00069465046FCF7F0FF0096CDE90145694650
:1068E00050460395FCF7E8FF002211461720FDF7FC
:1068F0000FFC1720FDF7FEFB06B0BDE8F087000097
:10690000001002400008004800040048134810B579
:10691000114901601249416000210122C0E90212BF
:10692000016141618161C1610162FDF739F908B11D
:10693000FCF739F900210948FDF7DEF808B1FCF74A
:1069400032F900210548FDF702F9002803D0BDE81F
:106950001040FCF728B910BD00540040B8040020D6
:106960007325E100134810B51149016012494160D7
:1069700000210122C0E90212016141618161C1610E
:106980000162FDF70DF908B1FCF70DF90021094886
:10699000FDF7B2F808B1FCF706F900210548FDF74C
:1069A000D6F8002803D0BDE81040FCF7FCB810BDB5
:1069B000005800400C050020CC8DC110134810B5C4
:1069C000114901601249416000210122C0E902120F
:1069D000016141618161C1610162FDF7E1F808B1C6
:1069E000FCF7E1F800210948FDF786F808B1FCF74B
:1069F000DAF800210548FDF7AAF8002803D0BDE821
:106A00001040FCF7D0B810BD005C004060050020CD
:106A1000CC8DC11010B588B0002418480594069498
:106A200003940494009401941349029401604F214B
:106A3000C0E901140121C0E903148021C0E9054126
:106A4000FEF7C2F908B1FCF7AEF84FF4805003909E
:106A500003A90A48FEF75AFA08B1FCF7A4F8009413
:106A60000194694605480294FEF760F9002801D0B8
:106A7000FCF799F808B010BD002C0140B4050020C7
:106A800010B58AB00024079408941C216846099424
:106A9000F9F722FC1648154901604F21C0E901149D
:106AA00042F20F71C0E903148461FEF759FB08B18B
:106AB000FCF779F8079407A90D480994FEF736F911
:106AC00008B1FCF770F86020CDE9000402940822B8
:106AD000694607480494FEF7B1FA08B1FCF763F879
:106AE0000348FEF783FA0AB010BD0000000400401E
:106AF0000006002010B588B00024174800940194C7
:106B000002940394049405941249069401604F2161
:106B1000C0E901144FF6FF71C0E903148461FEF768
:106B200053F908B1FCF73FF84FF4805000906946E4
:106B30000948FEF7EBF908B1FCF735F8049404A90D
:106B400005480694FEF7F2F8002801D0FCF72BF870
:106B500008B010BD000800404C0600200D4810B5DC
:106B60000B4901604FF416514160002181600C22F5
:106B7000C160C0E904128161C16101624162FEF736
:106B800097FD002803D0BDE81040FCF70CB810BDFD
:106B900000380140980600200D4810B50B490160EF
:106BA0004FF416514160002181600C22C160C0E9A0
:106BB00004128161C16101624162FEF779FD002822
:106BC00003D0BDE81040FBF7EEBF10BD0048004009
:106BD00020070020FEE7FEE770B5C820FCF746FE60
:106BE000044D0024285D00F093F8641CE4B2172CD7
:106BF000F8D370BD8000002010B50446B031C8B293
:106C000000F086F8102040EA141000F081F804F03B
:106C10000F00BDE8104000F07BB800002DE9F04700
:106C2000203A0024089E0F468146D5B27F2803D91A
:106C300000208F1C8146FFB2102B394612D0FFF77F
:106C4000DBFF1B4905EB450001EB4005285D0EB15C
:106C5000C043C0B200F06EF8641CE4B2062CF5D359
:106C6000BDE8F087FFF7C8FFDFF8488004EB0511A7
:106C700018F801000EB1C043C0B200F05BF8641C0C
:106C8000E4B2082CF2D37F1CF9B24846FFF7B4FFF8
:106C90000024474604EB05103844007A0EB1C04387
:106CA000C0B200F047F8641CE4B2082CF2D3D7E776
:106CB00090B80008B8BA00082DE9F8431E461746F8
:106CC000894604460025DDF8208014E03346494615
:106CD0002046CDF80080FFF7A1FF0C2E10D008341D
:106CE000E4B27A2C01D90C2E0CD0782C01D9102EBC
:106CF00008D06D1CEDB27A5D002AE7D1BDE8F883BB
:106D0000A41DEDE709F10100002400F0FF09F0E700
:106D100001B584B001214FF4807204A88DE807000A
:106D20000B46002278210248FDF74EF805B000BD61
:106D30000C05002001B584B001214FF4807204A835
:106D40008DE807000B46402278210248FDF73CF809
:106D500005B000BD0C050020704700002DE9F04192
:106D6000444C05468846E0680026810728680DD017
:106D7000E16801F00301814216D1A8B1E0686968B9
:106D8000C0F30210401C88420ED120E0012804D03C
:106D9000022805D0032807D108E02168890701E00F
:106DA00021684905002907DB01265FE02168890386
:106DB00002D421684903F5E7E1686A686FF00F03C0
:106DC00021F0730103EB021211430143E1602068DB
:106DD00020F080602060FCF789FE074605E000BFD8
:106DE000FCF784FEC01B022837D820680001F7D4C6
:106DF000B8F1000F18D0B8F1010F1ED0287D4FF068
:106E00007E41400801EB4060A96840EA0120216909
:106E1000194A114008432061206840F080602060DA
:106E2000FCF764FE07461AE0A868E9680002090951
:106E300040EA41402169114AEBE7288A104940089D
:106E400001EB4050A96840EA012021690D4AE0E7C2
:106E5000FCF74CFEC01B022801D9032606E020687F
:106E60000001F5D52069A969084320613046BDE8D5
:106E7000F081000000100240FF80FFF9FF80FDFF5D
:106E80000000E0FFFF809FFF2DE9F0413D4C0646EA
:106E90008846E0680025810730680DD0E16801F080
:106EA0000301814216D1A8B1E0687168C0F30210F5
:106EB000401C88420ED120E0012804D0022805D0D1
:106EC000032807D108E02168890701E02168490506
:106ED000002907DB012551E02168890302D42168DC
:106EE0004903F5E7E16872686FF00F0321F0730161
:106EF00003EB021211430143E160206820F080504F
:106F00002060FCF7F3FD074605E000BFFCF7EEFD4F
:106F1000C01B022829D820688000F7D4B8F1000FE0
:106F200015D0307C4FF07E41400801EB4060B168E5
:106F300040EA01206169144A1140084360612068F9
:106F400040F080502060FCF7D1FD07460FE0B068AC
:106F5000F1680002090940EA414061690B4AEBE728
:106F6000FCF7C4FDC01B022801D9032506E02068F8
:106F70008000F5D560697169084360612846BDE805
:106F8000F081000000100240FF80FFF9FF80FDFF4C
:106F9000F8B51C4D06460024A86DC00002D5FDF7CB
:106FA0001DF90DE0A86D40F08050A865A86D00F0B7
:106FB00080500090FDF712F9A96D21F08051A9656C
:106FC000B0F5007F04D0802E07D94FF003040AE00B
:106FD000802E08D9A02E01D804E001D1022402E0BD
:106FE000702E00D101240848016821F007012143D7
:106FF0000160006800F00700A04201D00120F8BD48
:107000000020F8BD00100240002002407047FDF74C
:1070100021B8000010B596B044216846F9F75CF934
:10702000142111A8F9F758F94FF40070FDF7A2F8F0
:1070300008B172B6FEE7FDF7D9F8184850F8901F6E
:1070400021F018010160142000900120029000241A
:1070500060210690CDE907410221CDE90A100C908C
:1070600024200D900720CDE90E0168461091FDF710
:10707000BDFB08B172B6FEE70F2011900320CDE9E9
:1070800012041494042111A81594FDF797FA08B17D
:1070900072B6FEE7FDF7B2F816B010BD0010024060
:1070A0000248016841F470010160704788ED00E01A
:1070B0002DE9F04702682A4B2A4D2B4E2B4F2C4CC2
:1070C0004FF0804A984209D0504507D0A84205D0D9
:1070D000B04203D0B84201D0A04204D122F0700CDB
:1070E0004A6842EA0C02DFF88CC0DFF88C80DFF8D7
:1070F0008C9098420FD050450DD0A8420BD0B04292
:1071000009D0B84207D0A04205D0604503D0404521
:1071100001D0484503D122F44075CA682A434D691D
:1071200022F080022A4302608A68C2620A68826290
:10713000984207D0A04205D0604503D0404501D019
:10714000484501D109690163012141610169C9070C
:1071500003D0016921F001010161BDE8F087000061
:10716000002C01400004004000080040000C0040DA
:10717000003401400040014000440140004801400B
:1071800010B501F01F030121046A99408C43046289
:10719000016A9A401143016210BD10B5846842EA49
:1071A000032224F47F440A432243826010BD826894
:1071B00022F070020A4342F007018160704700002C
:1071C0002DE9F043056A026A22F001020262436877
:1071D00082691C4C25F0020522400C6822F0030253
:1071E00014438A68194E2A43174D194FDFF864C0BB
:1071F000DFF86490A84207D0B04205D0B84203D06F
:10720000604501D0484506D122F00808CA6842EA24
:10721000080222F00402A84207D0B04205D0B842CA
:1072200003D0604501D0484505D14D6923F4407332
:107230001D438B692B43436084614968416302624B
:10724000BDE8F0838FFFFEFF002C014000340140B9
:10725000004001400044014000480140F0B5056A8B
:10726000026A22F01002026242688369194C1B4EC6
:1072700023400C6823F4407343EA042425F02003E0
:107280008D6843EA0513144DA84201D0B04206D1DF
:10729000CF6823F0800343EA071323F04003A8429A
:1072A0000AD0B04208D00E4DA84205D00D4DA842DC
:1072B00002D00D4DA84207D14D6922F4406242EA46
:1072C00085028D6942EA8502426084614968816372
:1072D0000362F0BDFF8FFFFE002C0140003401402F
:1072E000004001400044014000480140F0B5056AFB
:1072F000026A22F4807202624368C269194C1B4E12
:1073000022400C6822F00302144325F400728D68B9
:1073100042EA0522144DA84201D0B04206D1CF68FE
:1073200022F4006242EA072222F48062A8420AD0D4
:10733000B04208D00E4DA84205D00E4DA84202D052
:107340000D4DA84207D14D6923F4405343EA05137C
:107350008D6943EA05134360C4614968C1630262F1
:10736000F0BD00008FFFFEFF002C01400034014003
:1073700000400140004401400048014030B5046A2B
:10738000026A22F4805202624268C369124D24F4F8
:1073900000542B400D6823F4407343EA05238D68A5
:1073A00044EA05340D4DA8420BD00D4DA84208D03B
:1073B0000C4DA84205D00C4DA84202D00B4DA8425E
:1073C00004D14D6922F4804242EA85124260C361D1
:1073D00049680164046230BDFF8FFFFE002C01404C
:1073E0000034014000400140004401400048014099
:1073F00030B5056A026A22F4803202624268436D47
:10740000114C23400C681C4325F400330D8943EADA
:1074100005430E4DA8420BD00D4DA84208D00D4D8E
:10742000A84205D00C4DA84202D00C4DA84204D170
:107430004D6922F4803242EA05224260446549687F
:107440008165036230BD00008FFFFEFF002C01400C
:107450000034014000400140004401400048014028
:1074600030B5046A026A22F4801202624268436DF7
:10747000114D24F400142B400D6843EA05230D89B7
:1074800044EA05540D4DA8420BD00D4DA84208D03A
:107490000C4DA84205D00C4DA84202D00B4DA8427D
:1074A00004D14D6922F4802242EA8522426043657C
:1074B0004968C165046230BDFF8FFFFE002C0140AA
:1074C00000340140004001400044014000480140B8
:1074D00010B5036A046A24F001040462846924F08C
:1074E000F00444EA021423F00A020A4384610262AF
:1074F00010BD10B5036A046A24F0100404628469A4
:1075000023F0A00324F4704444EA023243EA011158
:107510008261016210BD90F82410090706D5016848
:107520004A68436B22F400421A434A6090F82410E0
:10753000C90706D001684A68836A22F400321A43F8
:107540004A6090F82410890706D501684A68C36A22
:1075500022F480321A434A6090F82410490706D575
:1075600001684A68036B22F480221A434A6090F84B
:107570002410C90606D501688A68836B22F48052FC
:107580001A438A6090F82410890606D501688A6833
:10759000C36B22F400521A438A6090F82410490603
:1075A00011D501684A68036C22F480121A434A60BC
:1075B000016CB1F5801F06D101684A68436C22F462
:1075C000C0021A434A6090F82410090606D50168E3
:1075D0004A68806C22F4002202434A6070472DE919
:1075E000F84300260446C0F88460FCF77FFA804622
:1075F000206800684FF0200500076FF07E4712D525
:107600004346002229042046009700F0B5FA50B105
:10761000216851E8000F20F0800041E80002002AB4
:10762000F6D1E56721E020680068400722D543468F
:1076300000224FF480012046009700F09DFAC8B167
:10764000216851E8000F20F4907041E80002002A00
:10765000F6D12068083050E8001F21F0010140E811
:107660000012002AF5D1C4F8805084F87860032015
:10767000BDE8F883E567C4F8805044F8606F666041
:1076800026760020F4E710B5806A0021A0F85A1091
:10769000A0F85210FDF784FE10BD016851E8002FDC
:1076A00022F4907241E80023002BF6D101680831E2
:1076B00051E8002F22F0010241E80023002BF5D110
:1076C000016E012908D1026852E8001F21F0100163
:1076D00042E80013002BF6D12021C0F880100021D1
:1076E000016681667047000010B5B0F85C20D0F8E4
:1076F00080300168222B04D0088B40F008000883FA
:1077000010BD898C436D11401980416D891C416504
:10771000B0F85A10491EA0F85A10B0F85A100029B3
:10772000EED1016851E8002F22F4907241E8002365
:10773000002BF6D10168083151E8002F22F0010238
:1077400041E80023002BF5D12021C0F88010002152
:1077500081664166154B02689A420BD0526812024C
:1077600008D5036853E8002F22F0806243E8002424
:10777000002CF6D1026E012A02D0FEF76DF810BD82
:107780000166026852E8001F21F0100142E8001370
:10779000002BF6D10168CA69D243D20601D4102267
:1077A0000A62B0F85810FDF7F9FD10BD00800040E6
:1077B00010B5B0F85C20D0F880300168222B04D0DE
:1077C000088B40F00800088310BD898C1140426D81
:1077D0001170416D491C4165B0F85A10491EA0F85E
:1077E0005A10B0F85A100029EED1026852E8001F72
:1077F00021F4907142E80013002BF6D101680831A2
:1078000051E8002F22F0010241E80023002BF5D1BE
:107810002021C0F88010002181664166154B026866
:107820009A420BD05268120208D5036853E8002F21
:1078300022F0806243E80024002CF6D1026E012A77
:1078400002D0FEF709F810BD0166026852E8001F79
:1078500021F0100142E80013002BF6D10168CA693B
:10786000D243D20601D410220A62B0F85810FDF7B4
:1078700095FD10BD008000402DE9F04104460168EF
:1078800080682269E3691043626900251A43104346
:10789000814F0A68814B1A4002430A6020684168A0
:1078A000E26821F44051114341602168A069B94266
:1078B00001D0226A10438A6822F4306202438A604F
:1078C0007749226877488A420DD1D0F8880010F0B5
:1078D000030006D0012866D0022854D0032851D1D5
:1078E00063E001204FE070498A420BD1D0F8880054
:1078F00010F00C0047D0042845D0082851D00C289F
:1079000040D152E069498A420BD1D0F8880010F08A
:10791000300038D0102846D0202842D0302831D12D
:1079200043E063498A420BD1D0F8880010F0C000D0
:1079300029D0402837D0802833D0C02822D134E045
:107940005C498A420ED1D0F8880010F440701AD0F9
:10795000B0F5807F27D0B0F5007F22D0B0F5407F12
:1079600010D122E0BA420DD1D0F8880010F4406066
:1079700009D0B0F5806F16D0B0F5006F11D0B0F51A
:10798000406F12D010204C4900264FF40043BA42F9
:107990002ED160B102280DD004280DD008286FD157
:1079A0000EE00220EFE70420EDE70820EBE7FCF70C
:1079B000A7FE03E00B4603E0FCF7C6FE030060D021
:1079C000626802EB420098425AD8B3EB023F57D8A4
:1079D000190E1B025008181871410023F8F7F0FB2C
:1079E000364AA0F5407191424AD82168C86048E003
:1079F000E2694FF6EF779A4227D1092840D2DFE8B3
:107A000000F005080D3F213F3F3F0E00FCF778FED8
:107A100001E0FCF787FE030001D132E00B4660680D
:107A2000590001EB5001B1FBF0F0A0F11001B94297
:107A300026D84FF6F0710140C0F3420001432068A0
:107A4000C1601EE0FCF780FEE5E7092818D2DFE8F8
:107A500000F005080D171D1717170E00FCF750FE54
:107A600001E0FCF75FFE030001D10AE00B4660680D
:107A700003EB5001B1FBF0F0A0F11001B94208D9BD
:107A80000125A6662846E666BDE8F081FCF75CFEA7
:107A9000E9E780B2A9E7000000800040F369FFEF4A
:107AA00000380140001002400044004000480040FF
:107AB000004C0040005000400024F400FFFC0F0088
:107AC00030B54165A0F85820A0F85A2000228266FF
:107AD00081684FF48055FF23A94204D1016969BB35
:107AE00040F2FF1130E07F2431B3B1F1805F28D044
:107AF000A0F85C20C0F884202221C0F88010016822
:107B0000083151E8002F42F0010241E80023002B28
:107B1000F5D18168A94201D10169D9B114498166C1
:107B20000169C9B1016851E8002F42F4907241E83F
:107B30000023002BF6D118E0016941B9A0F85C30B0
:107B4000D8E7016919B13F21A0F85C10D2E7A0F88D
:107B50005C40CFE707498166026852E8001F41F0A8
:107B6000200142E80013002BF6D1002030BD0000B8
:107B7000B1770008E97600082DE9F04799461746E5
:107B80000D4604464FF00008089E33E0701C31D0CB
:107B9000FBF7ACFFA0EB0900B04218D8BEB12068DB
:107BA0000168490726D5802D24D0402D22D0C169F7
:107BB000C94309070DD4082505622046FFF76DFD6E
:107BC000C4F8845084F878800120BDE8F087032051
:107BD000FBE7C069C04300050CD421684FF4006086
:107BE00008622046FFF759FD2020C4F8840084F87D
:107BF0007880ECE72068C06935EA000004D00020F6
:107C0000B842C3D00020E0E70120F9E70148FDF7C2
:107C1000EBBB0000980600200148FDF7E5BB000023
:107C200020070020FEE700000FB4054B10B503A9A4
:107C3000044A029800F07EFF10BC5DF814FB0000BF
:107C4000B19C0008040100200FB41CB502460020BE
:107C500007AC00290BD0491ECDE90021054B6A462F
:107C60002146069800F066FF009A002111701CBCA6
:107C70005DF814FB6992000803B401984100009874
:107C800050EAC12018BF04204A0D18BF40F001007F
:107C900040F2FF72B2EB515F08BF40F002000128D2
:107CA00008BF052002B070474100080218BF042039
:107CB0000A0E18BF40F001004FF07F4232EA010186
:107CC00008BF40F00200012808BF052070470907DF
:107CD000090E002804DB00F1E02080F80014704752
:107CE00000F00F0000F1E02080F8141D7047000044
:107CF00070B5C1482DED020B2DED0E8B82B0119D9C
:107D000025F000449FEDBEDB9FEDBFEB84423EDBE0
:107D1000A4F140511098A1F17F6108430FD0BC48F5
:107D2000844202DC28D1109830B39DED100B02B0D4
:107D300000F08EB902B0BDE8704000F0D9BD9DEDF5
:107D4000100B53EC1D2B51EC100BF8F7F2FB9DEDD3
:107D5000100B41EC180B53EC1E2B51EC100BF8F7E9
:107D6000E8FB53EC182BF8F735FB41EC100B02B095
:107D700000F074B902B070BD012000F009FE02B03D
:107D800000F072B902B0BDE8704000F0C5BDA14876
:107D90009FEDA18B844256DA9DED100BB4F1795F13
:107DA0000ADA51EC100BFFF767FF042808BF00F058
:107DB000C3FD9DED100BDAE753EC102B51EC100BCB
:107DC000F8F7B7FB41EC190B95480621B0EE490ACC
:107DD000F0EE690A784400F00FFD53EC192B51ECDA
:107DE000100BF8F7A6FB41EC1A0B8E48B0EE490ACF
:107DF000F0EE690A0421784400F0FEFC53EC192BE4
:107E000051EC100BF8F795FB53EC182BF8F7E2FA4E
:107E100041EC100B51EC1A0B53EC102BF8F7FEFB56
:107E2000CDE900019DED000B53EC102B9DED100BE7
:107E300051EC100BF8F77DFB9DED101B53EC112B53
:107E4000F8F7C8FAD2E09DED100B51EC100B01F0E1
:107E500023FF53EC182BF8F761FB9FED730BCDE973
:107E6000000153EC102B9DED000B51EC100BF8F7BB
:107E700060FB41EC190B6E480621B0EE490AF0EEAA
:107E8000690A784400F0B8FC53EC192B51EC100B44
:107E9000F8F74FFB41EC1B0B6648B0EE490AF0EED9
:107EA000690A0421784400F0A7FC53EC192B51EC2B
:107EB000100BF8F73EFB53EC182BF8F78BFA41EC5C
:107EC0001C0B51EC190B03F081FC41EC180B5A48C8
:107ED0009FED5BABA04222DC53EC1C2B51EC1B0B47
:107EE000F8F79CFBCDE900019DED000B51EC180B60
:107EF00053EC102BF8F71DFB53EC182BF8F76AFA2C
:107F000053EC1A2BF8F715FB53EC1D2BF8F703FB7A
:107F100053EC1E2BF8F702FB41EC100B5FE08DEDEC
:107F2000008B002000909DED000B51EC180B53ECE2
:107F3000102BF8F74FFA9DED000B41EC1E0B53ECA4
:107F4000102B51EC100BF8F7F4FA53EC192BF8F74F
:107F5000E5FA53EC1E2BF8F761FB41EC190B53ECDF
:107F60001C2B51EC1B0BF8F759FB41EC1B0B53EC92
:107F70001A2B51EC190BF8F7DCFA53EC1D2BF8F720
:107F8000CDFA41EC190B53EC1A2B51EC180BF8F706
:107F9000D0FA53EC1B2BF8F7CCFA53EC192BF8F76B
:107FA000BAFA9DED000B41EC180B53EC1A2B51EC77
:107FB000100BF8F7BEFA9FED249B53EC192BF8F742
:107FC000ADFA41EC100B51EC180B53EC102BF8F7F9
:107FD000A2FA53EC192BF8F7A1FA41EC100B002D83
:107FE0003FF7C5AE51EC100B81F0004141EC100B96
:107FF000BDE60000000000000000F03F00000000AF
:10800000075C143326A6913C182D4454FB21F93FFC
:108010000000F07F0000E03F000000000000F03FA3
:10802000005000000E500000000000000000E03F83
:10803000524F0000604F00003333EF3F000000005C
:108040000000000000000040182D4454FB21E93FCF
:10805000BDEC088BBDEC06CBFFF76CBEBDEC088B0E
:10806000BDEC06CBFFF786BEBDEC088BBDEC06CBA6
:10807000FFF788BE0000000070B59B482DED020B95
:108080002DED068B079D25F00044A04218DC974893
:10809000844202DC0AD1069840B19DED060BBDEC8E
:1080A000068B02B0BDE8704000F022BC002DCCBFB2
:1080B0009FED8F0B9FED900BBDEC068B02B070BD5A
:1080C0008F48A04215DD8F48A042D8BF4FF0FF3443
:1080D00058DD9DED060B51EC100BFFF7CDFD04288C
:1080E00008BF00F029FC9DED060BBDEC068B02B02D
:1080F00070BD9DED060B51EC100B01F0CDFDCDE9EF
:10810000060181489FED828BA0423CDD8248A0425F
:108110001FDD00249FED82AB9DED060B53EC1A2B67
:1081200051EC100BF8F756F99DED060B41EC190BCD
:1081300053EC1A2B51EC100BF8F7FBF953EC182BFE
:10814000F8F7E9F953EC192BF8F768FACDE90601CD
:1081500049E09DED060B012453EC182B51EC100B5C
:10816000F8F738F99DED060B41EC190B53EC182B81
:1081700051EC100BF8F7CFF953EC192BF8F74EFA36
:10818000CDE906012FE06848A0421FDD02249FEDE3
:10819000689B9DED060B53EC192B51EC100BF8F777
:1081A000C8F953EC182BF8F715F99DED060B41ECC7
:1081B000180B53EC192B51EC100BF8F7ACF953ECEE
:1081C000182BF8F72BFACDE906010CE09DED060B14
:1081D000032453EC102B9FED580B51EC100BF8F7C8
:1081E0001DFACDE906019DED060B53EC102B51EC69
:1081F000100BF8F79EF941EC180B53EC182BF8F71D
:1082000098F941EC190B4E480621B0EE490AF0EE00
:10821000690A784400F0F0FA53EC182B51EC100B7B
:10822000F8F787F941EC180B4648B0EE490AF0EE32
:10823000690A0521784400F0DFFA53EC192B51EC60
:10824000100BF8F776F941EC100B51EC180B53ECCE
:10825000102B002C0EDAF8F7BDF89DED061B53EC41
:10826000112BF8F766F99DED061B53EC112BF8F76F
:1082700055F935E0F8F7AEF89DED061B53EC112BE0
:10828000F8F757F941EC100B2F48784400EBC40085
:1082900090ED001B51EC100B53EC112BF8F73BF950
:1082A0009DED061B53EC112BF8F735F941EC100B43
:1082B0002648784400EBC40090ED001B51EC100BF5
:1082C00053EC112BF8F72AF941EC100B002DA2BF4B
:1082D000BDEC068B02B070BD51EC100B81F000417B
:1082E00041EC100B01E70000000010440000F07F9B
:1082F000182D4454FB21F93F182D4454FB21F9BF9C
:108300000000DC3F0000203E0000F33F00000000C2
:10831000000000000000F03F0000E63F0000000009
:10832000000000000000004000800340000000004A
:10833000000000000000F83F000000000000F0BF57
:108340007A4C0000304C0000BA4B0000724B000029
:1083500070B56B4E2DED040B2DED028B82B0DDF868
:108360001CC0DDE905235C422CF000411C4341EABE
:10837000D474049D22F00040B44205D86C422C43D2
:1083800040EAD474B4420BD99DED061B9DED040B5D
:1083900002B0BDEC028B04B0BDE8704000F0B2BA90
:1083A000ACF14054A4F17F641C430BD0022404EAD6
:1083B000AC7444EAD27405439FED538B9FED542B6C
:1083C00007D015E09DED040B51EC100B00F0A0FF61
:1083D00042E0002C11BF012C9DED040B02B0BDEC5E
:1083E000028B04BF04B070BD022C38D0032C3BD0EC
:1083F0000B439FED491B9FED4A0B0AD0B14218D1A8
:10840000B04209D121F0804120F0804007910590D1
:108410000FE0002A15DA10E0434B7B44002C08BF24
:1084200093ED000B0DD0012C10D0022C17D0032C93
:108430001AD0B0421DD1002A03DAB0EE410AF0EEA4
:10844000610A02B0BDEC028B04B070BD93ED000B6D
:1084500051EC100B81F0004141EC100BF1E7B0EE54
:10846000480AF0EE680AECE7B0EE420AF0EE620A63
:10847000E7E7401A00153C28C8BF8DED000B19DC5A
:10848000BCF1000FBEBF10F13C0F9FED290B8DED2D
:10849000000B0FDB9DED060B53EC102B9DED040B39
:1084A00051EC100BF8F7BAF801F0F6FB00F030FFD2
:1084B000CDE90001002C08BF9DED000BC1D0012CBF
:1084C00010D0022C9FED1C0B53EC102B9DED000BDC
:1084D00051EC100B0DD0F8F71EF853EC182BF8F7F1
:1084E0001AF8B9E7019880F0004001909DED000B6B
:1084F000A7E7F8F710F853EC182BF8F70FF8ABE7ED
:108500000000F07F00000000182D4454FB210940BA
:10851000182D4454FB2109C0182D4454FB21F9BFE8
:10852000182D4454FB21F93FA24A0000000000002E
:108530000000000000000000075C143326A6A13CE8
:1085400010EE100A10B510EE901A4FF0684202EBD0
:1085500040032DED028BB3F1654F3CBF02EB4102AE
:10856000B2F1654F7CD200BFC0F3C753C1F3C7520D
:108570009A1A1B2A09DD10F0004F14BF9FED6E0AF6
:108580009FED6E0ABDEC028B10BD12F11A0F1BDAC3
:1085900011F0004F09D010F0004F0CBF9FED680A9A
:1085A0009FED680ABDEC028B10BD80EE208A18EEAC
:1085B000100AFFF779FB042808BF00F0D1F9B0EEEC
:1085C000480ABDEC028B10BD4200B2EB410F37D917
:1085D00010F0004F19BFDFED5C1A9FED5C1ADFED64
:1085E0005C1A9FED5C1AB0EE602A0A46F1EE400A72
:1085F00080F00041B0EE420A10460A1A5200B2F171
:10860000807F34D2484010F0004FDFED532A9FEDB9
:10861000533A1DBFBEEE002A71EEE21A31EE431A44
:10862000B6EE002A04BF71EEA21A31EE031AF0EE84
:10863000402A42EE602A40EE020A82EEA02A18E0AA
:1086400011F0004F04BF9FED461AF0EE411AD4D04E
:1086500010F0004F1CBFDFED431A9FED431A00E0FE
:1086600026E004BFDFED411A9FED411AC5E780EE19
:10867000202A22EE020ADFED3F0ADFED3F2ABDECA1
:10868000028B40EE202ADFED3D0A40EE220ADFEDAC
:108690003C2A40EE202ADFED3B0A40EE220A22EE81
:1086A000000A00EE201A31EE020A30EE210A10BD57
:1086B0004FF07F42B2EB400F28BFB2EB410F05D223
:1086C000BDEC028BBDE8104000F046B940EA010362
:1086D0005B0008BF41F0FF410BD0B2EB400F08BF79
:1086E000B2EB410F08D120F0804000EE100A21F0DB
:1086F000804100EE901A37E7B2EB400F12BF5FEAFD
:10870000410240F0FF4001F000413FF42DAF4A002C
:1087100092EA40033FF528AF002AACBF9FED1A1A3A
:108720009FED1A1A20EE010A60EE810A10EE100A7F
:1087300010EE901A18E70000DB0FC9BFDB0FC93F2E
:10874000DB0F4940DB0F49C00000C9BF22AAFDB9B9
:108750000000C93F22AAFD390060ED3EC30ACE37B2
:1087600000000000000049C022AA7DBA0000494074
:1087700022AA7D3A2DAD65BD8FB8D53D0FB511BE8E
:1087800061C84C3EA8AAAABE0000804F0000802FFE
:1087900010B52DED028BB1EEC08A18EE100A20F054
:1087A0000040C0F1FF40C00F0AD010EE100A20F0C8
:1087B0000040C0F1FF40C00F04BF012000F0E8F806
:1087C000B0EE480ABDEC028B10BD000000000000B6
:1087D00000B583B09FED060B0A4601468DED000BF8
:1087E0006846F8F74CF89DED000B03B000BD0000A3
:1087F000000000000000000070B504462DED028B63
:108800004D1E00EBC500B0EE408AF0EE608A90EDA0
:10881000000B35F0060017D053EC182B51EC100B61
:10882000F7F787FE41EC100B6D1E04EBC50090EDD1
:10883000001B51EC100B53EC112BF7F7CBFD41EC67
:10884000100B35F00600E7D1022D36D0042D1CD0D8
:10885000062D1CBFBDEC028B70BD53EC182B51ECE8
:10886000100BF7F766FE94ED0A1B53EC112BF7F78C
:10887000B1FD53EC182BF7F75CFE94ED081B53EC9D
:10888000112BF7F7A7FD41EC100B53EC182B51EC13
:10889000100BF7F74EFE94ED061B53EC112BF7F778
:1088A00099FD53EC182BF7F744FE94ED040B53ECB1
:1088B000102BF7F78FFD41EC100B53EC182B51ECFC
:1088C000100BF7F736FE94ED021B53EC112BF7F764
:1088D00081FD53EC182BF7F72CFE94ED001B53ECA5
:1088E000112BF7F777FDBDEC028B41EC100B70BD3F
:1088F00010B553EC102B51EC100BF7F76BFD41EC5E
:10890000100B10BD10B553EC112B51EC100BF7F7F9
:1089100061FD41EC100B10BD9FED050B10B553EC44
:10892000102B51EC100BF7F779FE41EC100B10BD3A
:1089300000000000000000009FED050B10B553EC97
:10894000102B51EC100BF7F7F4FD41EC100B10BDA0
:10895000000000000000001030EE200A7047000008
:108960009FED020A20EE000A704700000000001090
:1089700002E008C8121F08C1002AFAD170477047E8
:10898000002001E001C1121F002AFBD17047000046
:108990000149086070470000080100202DE9FF5FD1
:1089A00082B00021DDE90430020DDDF840B0034360
:1089B00018D044F61050A2F2FF3242431514119819
:1089C00001281FD0A5EB0B00401C5FEA000A4FF006
:1089D00000064E4FDFF83891B046504615D5CAF123
:1089E000000413E0119801244AA3012801D16FEA81
:1089F0000B010298119AC0E90031C0E9024206B0A9
:108A000000F08EB8CBF10000DFE704460021404AB9
:108A1000491842EB0450CDE9001012E0E00707D0FE
:108A200032463B4640464946F7F783FD8046894635
:108A300032463B4610461946F7F77BFD06460F4681
:108A40006410002CEAD1DDE90401DDE90023BAF16C
:108A5000000F06DAF7F76DFD42464B46F7F769FD62
:108A600005E0F7F7DBFD42464B46F7F7D7FD044636
:108A70000E460022284BF7F76BFE03D84FF0FF306D
:108A8000014607E00022254B20463146F7F7A2FCBD
:108A9000F7F7BCFF102409E0002C0ADB0A220023B0
:108AA000F7F78EFB039B30321A55641E50EA010221
:108AB000F2D1641C039AC4F111031444119A012ADF
:108AC00003D0012208430DD10AE0084304D000205E
:108AD0004FF0110B119072E7A3EB0B056D1E0DE02B
:108AE0005B4504DD4FF0000205F1010504E003DA07
:108AF0004FF00002A5F10105002AECD0029811996F
:108B0000C0E90231C0E9004579E7000000001440E7
:108B10000000F03F300000000000F0430000E03FA4
:108B200030BCBDE8C09F30380A2801D20120704710
:108B3000002070472DE9FF4F95B09B4689460646B9
:108B400000250FE2252877D100242746F84A012185
:108B5000059400E0044316F8013F203B01FA03F0BE
:108B60001042F7D130782A2811D06FF02F033078D7
:108B7000A0F13002092A16D8059A44F0020402EB4B
:108B8000820203EB42021044761C0590EFE759F88D
:108B9000042B0592002A03DA504244F40054059055
:108BA00044F00204761C30782E2816D116F8010FF6
:108BB00044F004042A280DD06FF02F023078A0F181
:108BC0003003092B09D807EB870302EB4303C718CF
:108BD000761CF3E759F8047B761C30786C280FD0AC
:108BE00006DC4C2817D068280DD06A2814D104E080
:108BF000742810D07A280FD10DE044F400140AE054
:108C000044F4801401E044F440147278824202D1AA
:108C100004F58014761C761C307866280BD013DCA3
:108C2000582877D009DC002875D04528F6D046288A
:108C3000F4D047281AD19DE118E0632835D0642884
:108C400079D0652812D195E1702873D008DC6728A7
:108C5000F1D069286FD06E280DD06F2806D1B5E00D
:108C600073282CD0752875D0782874D05A46179957
:108C700090476D1C75E1C4F30250022809D0032807
:108C80000DD0D9F8001004280DD00D6009F10409A9
:108C900067E1D9F80010EA17C1E90052F6E7D9F800
:108CA00000100D80F2E70D70F0E719F8041B8DF845
:108CB000001000208DF80100EA46012003E059F879
:108CC00004AB4FF0FF3061074FF0000102D40DE01C
:108CD00008F101018846B9420FDA8045F8DB1AF83D
:108CE00008100029F4D108E008F10101884681420A
:108CF000FADB1AF808100029F6D105985B46A0EBBC
:108D0000080721463846179A00F097FA284400EBE6
:108D1000080507E04DE029E10DE01AF8010B5A467D
:108D200017999047B8F10108F7D25B4621463846BB
:108D3000179A13E142E00A220092C4F302524FF064
:108D4000000A022A08D059F804CB032A4FEAEC7132
:108D50000AD00DE029E02AE009F1070121F007021D
:108D6000F2E802C1914609E00FFA8CFC4FEAEC717F
:108D7000042A03D14FFA8CFC4FEAEC71002907DA80
:108D80000A460021DCF1000C61EB02012D2202E019
:108D9000220504D52B228DF80420012203E0E207EE
:108DA00001D02022F7E7904659E00A2102E0102284
:108DB0000DE010214FF0000A00910BE010224FF05F
:108DC000000A44F004040827009203E008224FF050
:108DD000000A0092C4F30252022A05D059F804CBCB
:108DE0000021032A08D009E009F1070121F0070258
:108DF000F2E802C1914605E01FFA8CFC042A01D179
:108E00000CF0FF0C4FF00008220728D5702806D080
:108E1000009B83F0100353EA0A0305D00EE04022C2
:108E20008DF80420012208E05CEA010206D030221D
:108E30008DF804208DF8050002229046009B83F0F7
:108E4000080353EA0A030AD15CEA010201D162076E
:108E500005D530228DF804204FF001087F1E5828D8
:108E600004D034A003900EA802900DE036A0F9E7DC
:108E700053466046009AF7F7A3F984460398825C4C
:108E80000298401E029002705CEA0100F0D1029844
:108E900006A9081A00F1200A600702D524F48034DC
:108EA00000E00127574502DDA7EB0A0000E00020A3
:108EB00000EB0A01009005984144401A0590E00338
:108EC00006D45B462146179A059800F0B6F905448A
:108ED000002706E001A85A46C05D179990476D1C0F
:108EE0007F1C4745F6DBE0030CD55B462146179A0D
:108EF000059800F0A2F9054404E030205A4617997D
:108F000090476D1C0099481E00900029F5DC08E090
:108F1000029802995A460078491C02911799904785
:108F20006D1CBAF10001AAF1010AF1DC65E1000053
:108F3000092801003031323334353637383961622F
:108F400063646566000000003031323334353637F3
:108F500038394142434445460000000000F05BF9C7
:108F60000544761C307800287FF4ECAD19B0284613
:108F700000F04EB9620700D4062709F1070222F07B
:108F8000070CFCE80223E14603F000485FEA080C06
:108F900002D00FF2702C0DE05FEA045C02D50FF2F4
:108FA000682C07E05FEAC47C02D00FF2602C01E07D
:108FB000AFF2700C4FF0FF3823F00043CDF850C0F3
:108FC00065280CD006DC452809D046281DD0472846
:108FD0003DD13DE0662818D067287ED138E00021D9
:108FE000112F01DB112000E0781CCDE9000106A95A
:108FF0000EA8FFF7D3FCDDE90F010E9A03910021C3
:10900000009207F1010A04914DE04FF000400097F3
:10901000CDE9011006A90EA8FFF7C0FCDDE90F029B
:1090200003920E9B11990022DDF80CA0009304928C
:1090300011B9791C00EB010AB7EB0A0004D4C0F1A6
:10904000FF3007F1010A0490AAEB0700019044E009
:10905000012F00DA01270021112F01DD112000E08E
:109060003846CDE9000106A90EA8FFF797FCDDE917
:109070000F010E9A0391002104910092BA46210734
:109080000CD40399514500DA8A46BAF1010F05DD87
:10909000009AAAF10101515C302908D0B84202DAE5
:1090A00010F1040F06DA0121CDE9011015E0AAF153
:1090B0000101E9E7002805DC049901440491AAEBC9
:1090C000000102E0411C514500DD8A460499401A26
:1090D000401C01904FF000400290200704D40198FA
:1090E000504501DBCDF8048000208DF84F00029838
:1090F0000DF14F07B0F1004F25D02B200E900298B4
:109100004FF0020800280CDA404202902D200E9009
:1091100007E00A210298F7F74FFB3031029007F879
:10912000011DB8F10001A8F10108F2DC0298002845
:10913000EFD1791E0E980870307800F0200040F0D2
:10914000450007F8020D12A8C01B00F1070814988B
:10915000007800B1012000EB0A01019801EBE071F9
:1091600005984144401A401E0590E00306D45B4632
:109170002146179A059800F060F805441498007885
:1091800018B15A46179990476D1CE00324D55B46E9
:109190002146179A059800F050F805441CE0049801
:1091A000002807DBDDE90301884203DD0098405C0D
:1091B000179901E0179930205A469047049805F115
:1091C0000105401C04900198401E019004D12E20FE
:1091D0005A46179990476D1CBAF10001AAF1010A8D
:1091E000DDDC05E017F8010B5A46179990476D1C16
:1091F000B8F10001A8F10108F4DC5B462146179A9A
:109200000598ABE62D0000002B00000020000000B8
:1092100030BCBDE8C08F2DE9F041044600251E4654
:109220001746880404D405E039462020B0476D1C59
:10923000641EF9D52846BDE8F0812DE9F0410446C9
:1092400000251E469046C80301D5302700E02027A0
:10925000880404D505E041463846B0476D1C641EBD
:10926000F9D52846BDE8F0814A68002A06D00A6888
:10927000531C0B6010704868401E48607047000027
:10928000FEB506460D460024684600F01FFD00228C
:109290009FED1B1A6B46012156F8227055F82200EB
:1092A000381A00D5404200EE100A03EB8200B8EEF7
:1092B000C00AD0ED000A20EE010AF5EEC00AF1EE78
:1092C00010FA0DD0C0EE201AB7EE000A0D4F31EEA5
:1092D000C00AB0EEC00A10EE100AB84207DC09E07E
:1092E00010EE100A084F3844084FB84202D301FA72
:1092F00002F00443521C032ACEDB2046FEBD0000D0
:1093000000008037295C0F3E666666C19A99D900D5
:1093100010B541EC100BFEF7AFFE51EC100B10BD79
:1093200008B560B120208DF8000028208DF80100DC
:1093300030208DF8020038208DF8030004E0A322CD
:1093400004216846F6F7C1FF6A46042140F69E20D4
:1093500002F0A2F901F060FE08BD00003EB504462F
:1093600002208DF80000CA208DF80100E3208DF85E
:10937000020009208DF803006A460421682002F0EB
:109380008BF9A3208DF80000610609D5C0218DF866
:109390000110C8218DF80210C2218DF8031005E0DC
:1093A0008DF801008DF802008DF8030014F4C07FE1
:1093B00009D0C4218DF80410CC218DF80510C621E8
:1093C0008DF8061005E08DF804008DF805008DF885
:1093D00006008DF808008DF807008DF809006A4630
:1093E0000A2140F6A72002F057F9A0074FF0D80550
:1093F00003D020208DF8000001E08DF800506A466F
:10940000012140F6B62002F047F9A00601D501205F
:1094100000E0002000F08EF814F4C07F1ED0E005BC
:109420000AD5B2208DF800008B208DF80100B620FF
:109430008DF802009B2009E0B0208DF8000080200C
:109440008DF80100B4208DF8020090208DF8030003
:109450006A46042140F6A22002F01EF9E1074FF40B
:109460000B6022D0F8218DF800106A46012102F02D
:1094700013F9FA21072000F03FFB072000F00AFB58
:10948000012000F027FB642000F0E6FB4FF4FA70A7
:1094900000F0F2FBC821254800F0C4FA282000F0B3
:1094A000D9FA0A2000F0E6FA05E08DF800506A4685
:1094B000012102F0F1F8A00703D5D9208DF80000B2
:1094C00001E08DF800506A46012140F23D7002F043
:1094D000E3F8600701D5012000E0002000F048F823
:1094E000E00601D5012000E00020FFF719FF104D34
:1094F00044F00800688101F08FFD0020A873600629
:1095000001D50620A87314F4C07F02D0A87B801D6B
:10951000A87314F0140F02D0A87B1030A873A00712
:1095200002D0A87B001DA87300203EBD09E3CA023B
:10953000A82E00200EB54FF4976310B106A107C9FD
:1095400001E008A207CA8DE807006A46092118460B
:1095500002F0A2F80EBD0000B8AAB38DB4980D3584
:109560005D000000B8AAAAAAB088C3C5C700000061
:1095700008B560B1C0208DF80000C2208DF8010050
:10958000C4208DF80200C6208DF8030004E08B2271
:1095900004216846F6F799FE6A46042140F69820B1
:1095A00002F07AF801F038FD08BD0000C8234FF43E
:1095B0008062024940F6F63001F00CBCE0C10008C0
:1095C0002DE9FF4F89B01746DDE9165200244D4EB4
:1095D000884681462C80A246B07B694601F0AAFCF1
:1095E0004FF0FF3B18B158460DB000F08DB87089B0
:1095F00010F0140F3ED0009909BA21F0FF029DF837
:1096000003100A433A6001999DF8073009BA21F026
:10961000FF0119437960029B9DF80B401BBA23F0B0
:10962000FF032343BB60039C121424BA24F0FF0CF5
:109630009DF80F4009144CEA040C1024C7F80CC024
:109640001B144FEA2C4712FB02F211FB012113FB02
:1096500003F217FB07221144A1F17061B1F1007F01
:1096600004D901F0D9FCA5F800A0BCE7298841F491
:10967000807129804206694611D50A19A41D1388F4
:109680005BBAA8F8003053885BBAA8F80230928819
:1096900052BAA8F804202A8842F008022A8010F45E
:1096A000C07F11D00A19A41D13885BBAA9F8003035
:1096B00053885BBAA9F80230928852BAA9F80420FC
:1096C0002A8842F070022A80800716D00C44E07885
:1096D00000F0C00500F03F016078C00706D0C80860
:1096E00001F007013268491C02B190476078000719
:1096F00003D5716809B1A80988470C9801F0C7F82B
:10970000002071E7A82E002030BCBDE8C08F00000B
:109710002DE9FF41044603A801F00CFABDF80C0046
:10972000410CC3032F48028902F00300550754F887
:10973000200000D54042C2F3C105960654F82550DA
:1097400000D56D42C2F38116D20554F8264000D5EB
:109750006442A0FB0367C21702FB037200FB0120F7
:10976000820042EA9670A5FB0367EA1702FB0372C8
:1097700005FB0122950045EA9672A4FB0367E517F5
:1097800005FB037304FB01318B0043EA9671030E62
:109790008DF80030030C8DF80130030A8DF802308B
:1097A0008DF80300100E8DF80400100C8DF80500E4
:1097B000100A8DF80600080E8DF80800080C8DF8C8
:1097C0000900080A8DF80A008DF807208DF80B10A3
:1097D0006A460C214FF4257001F05EFF04B0BDE82D
:1097E000F0810000A82E002030B5044613A285B0F9
:1097F00007CA8DE807004FF0FF35C82C16D8C820DF
:10980000B0FBF4F1491E080A8DF80C008DF80D101C
:1098100003AA022140F2162001F03EFF30B96A4649
:109820000C2140F6C12001F037FF10B1284605B0E9
:1098300030BD054884810020F9E70000FEF2ABC48A
:10984000AAF1DFDFBBAFDFDFA82E0020F8B530497B
:10985000098901F0030250F822404A0700D564420A
:10986000C1F3C1028B0650F8222000D55242C1F349
:10987000811350F82330C80500D55B42254984FB8D
:109880000140850045EA947082FB0142A40F44EA3E
:10989000820483FB0121950F45EA8105010E8DF8B5
:1098A0000010010C8DF80110010A8DF802108DF8DE
:1098B00003006A4604214FF4747001F0EDFE4FF08E
:1098C000FF3688B9200E8DF80000200C8DF80100BD
:1098D000200A8DF802008DF803406A4604214FF4F7
:1098E000757001F0D9FE08B13046F8BD280E8DF82C
:1098F0000000280C8DF80100280A8DF802008DF870
:1099000003506A4604214FF4767001F0C5FEF8BD9D
:10991000A82E002009E3CA022DE9FF4104463CA01D
:1099200004F00303006802903AA0006803903AA094
:1099300006683AA0056802A8C15C8DF80010C4F35F
:10994000C101425C8DF80120C4F38112805C8DF866
:10995000020003A8C35C8DF80430415C8DF805104B
:10996000805C8DF806006A46032140F2264001F033
:1099700093FE4FF0FF37E0BB01AA032140F22A40DB
:1099800001F08AFEA8BBCDE9006560070BD59DF804
:10999000000040F001008DF800009DF8040040F048
:1099A00001008DF80400A0060BD59DF8010040F0E1
:1099B00001008DF801009DF8050040F001008DF8D0
:1099C0000500E0050BD59DF8020040F001008DF880
:1099D00002009DF8060040F001008DF806006A467E
:1099E00003214FF4886001F057FE10B901AA03214A
:1099F00000E004E040F2314001F04EFE18B138467C
:109A000004B0BDE8F081064804810020F8E70000BA
:109A10004CCD6C000CC92C003656760026466600EC
:109A2000A82E00204FF47A7290FBF2F008B548435C
:109A3000010E8DF80010010C8DF80110010A8DF84F
:109A400002108DF803006A4604214FF4AE7001F055
:109A500023FE08BD0521B0FBF1F008B5010A8DF821
:109A600000108DF801006A4602214FF4AD7001F03C
:109A700013FE08BD0521B0FBF1F008B5010A8DF811
:109A800000108DF801006A4602214FF4AC7001F01D
:109A900003FE08BD08B500218DF80010C10702D0F3
:109AA00030218DF80010810705D59DF8001041F098
:109AB0000C018DF80010400705D59DF8000040F01E
:109AC00003008DF800006A4601214FF4A47001F0F4
:109AD000E3FD08BD08B560B1042800D90420401E8C
:109AE0008DF800006A46012140F24F1001F0D4FDCC
:109AF00008BD0120F3E7000070B504462DED028B90
:109B000082B040074FF0FF357ED0B1F5C86F7BD8EB
:109B100000EE101AB8EE400ADFED460A01A880EE0A
:109B2000208A00F0E9FF9DF80400022806D00428EE
:109B300010D0082835D0102874D13EE09FED3E0AA1
:109B400028EE000ABCEEC00A10EE100A9FED3B0A98
:109B500082B20AE09FED3A0A28EE000ABCEEC00A83
:109B600010EE100A9FED370A82B228EE000A6E4608
:109B7000BCEEC00A10EE100A81B2100A8DF8000087
:109B80008DF80120080A8DF802008DF80310E00717
:109B900026D0324602214FF4EA7001F07DFD98BBD9
:109BA00017E09FED290A28EE000ABCEEC00A10EE6D
:109BB000100A9FED260A82B2D7E79FED250A28EE0C
:109BC000000ABCEEC00A10EE100A9FED220A82B213
:109BD000CBE7B21C02214FF4927001F05DFD98B901
:109BE000A0070DD56A4602214FF4EC7001F054FD38
:109BF00050B9B21C02214FF4947001F04DFD18B918
:109C0000600714D56A4600E00CE002214FF4EE70C4
:109C100001F042FD30B9B21C02214FF4967001F000
:109C20003BFD20B1284602B0BDEC028B70BD002088
:109C3000F9E700000000484300008046000040466D
:109C4000000000460000C04500008045000040457F
:109C5000000000450000C0440521B0FBF1F008B54C
:109C6000010A8DF800108DF801006A4602214FF4B8
:109C7000EF7001F011FD08BD0521B0FBF1F008B552
:109C8000010A8DF800108DF801006A4602214FF498
:109C9000ED7001F001FD08BD82B0CDE9000121F0B9
:109CA000004001909DED000B02B051EC100B70478D
:109CB00038B504468DF800000223012269460248A7
:109CC000FBF7F0FD204638BD980600201FB504467E
:109CD000274802AB042240680D210078FCF784FC81
:109CE00010B1072004B010BD9DF808101C2000EA38
:109CF000D1029DF80B10DFED1F0AC1F301131A43C7
:109D00008DF800209DF80920C1F3810300EAD202FA
:109D10001A438DF801209DF80A2001F0030100EAA2
:109D2000D20008439FED141A9FED140A8DF802002B
:109D300000216A46505C002804EB810002D080EDCF
:109D4000001A09E0C0ED000A0CE000BFD0ED001AD7
:109D500061EE801AC0ED001A535C5B1E13F0FF0326
:109D60005354F3D1491CC9B20329E3D30020B9E706
:109D7000C8000020000000007B14AE3E1D5A843F46
:109D80002DE9FE4F05460120C14E8DF800004FF031
:109D900000088DF8018030680C461746817C706899
:109DA0006B4602220078FCF7ACFC4FF0FF3A00282B
:109DB0007AD1C820F9F75AFD8DF8008030686B46DB
:109DC0000122C17B70680078FCF79BFC0028EFD172
:109DD00030686B460122417970680078FCF791FC8D
:109DE0000028E5D130686B460122817C70680078DC
:109DF000FCF787FC0028DBD130686B460122C17D6F
:109E000070680078FCF77DFC0028D1D130686B4683
:109E10000122017970680078FCF773FC0028C7D133
:109E20004FF00C098DF8009030686B4601220179E3
:109E300070680078FCF765FC002835D10F20F9F731
:109E400015FDB06A6B460122407A8DF8000030683B
:109E5000817870680078FCF754FC002824D1B06A3F
:109E60006B460122007A8DF80000306841787068F6
:109E70000078FCF746FC002873D1B06A807A0FB1F5
:109E800040F0E0008DF8000030686B4601228179D7
:109E900070680078FCF735FC002862D12FB1B06AF9
:109EA000C07A40F0E00001E04AE018208DF80000A0
:109EB00030686B460122C17970680078FCF721FC9C
:109EC000F0BB17B1C820F9F7D1FC40208DF8000095
:109ED00030686B460122017970680078FCF711FC4C
:109EE00070BB78208DF8000030686B460122417904
:109EF00070680078FCF705FC10BB3220F9F7B6FC5F
:109F00008DF80080306847466B46417970680122C1
:109F10000078FCF7F6FB98B931687068B046897A2A
:109F200000786B460222FCF75FFB48B9BDF80000E1
:109F3000AF6040BAB0FBF9F06F60C6B22F6000E0CE
:109F40000FE0A76067602760002739E0D8F80010AD
:109F5000D8F804006B46C97A00780C22FCF744FB61
:109F600010B1504600F096B8BDF80000236840BA22
:109F700002B2BDF80200BDF804101A44226040BAD3
:109F8000626800B21044606049BAA06809B208442F
:109F9000A060BDF806002B6840BA02B2BDF8080008
:109FA0001A4440BA01B2BDF80A002A606A6840BA91
:109FB00011446960A96800B208447F1CFFB2A86020
:109FC000B742C3D328688322C117090441EA10416C
:109FD00000040023F6F728F932460023F6F724F9A7
:109FE000286068688322C117090441EA104100040F
:109FF0000023F6F719F932460023F6F715F96860E1
:10A00000A8688322C117090441EA10410004002313
:10A01000F6F70AF932460023F6F706F9A860206839
:10A020004FF40065C117090441EA104100042A46B3
:10A030000023F6F7F9F832460023F6F7F5F820602A
:10A0400060682A46C117090441EA10410004002350
:10A05000F6F7EAF832460023F6F7E6F86060A06803
:10A060002A46C117090441EA104100040023F6F70B
:10A07000DBF832460023F6F7D7F8A060002802DDAF
:10A08000A0F5803001E000F58030A060002069E795
:10A09000C80000201EBCBDE8E08F0000F8B50646F1
:10A0A0002E480D46002440686B46032200780D219F
:10A0B000FCF79AFA08B10720F8BD9DF800000022CD
:10A0C00000F01F008DF800009DF801009FED241A9C
:10A0D00000F01F008DF801009DF802006B4600F0B3
:10A0E0001F008DF80200012156F8220055F8227059
:10A0F000C01B00D5404200EE100A985CB8EEC00AC2
:10A1000060EE010AD0B1B3EE090ADFED161A01E0E4
:10A1100020EE210AC0B2401E10F0FF009854F7D183
:10A12000C0EE801AB7EE000A0F4F31EEC00AB0EE53
:10A13000C00A10EE100AB84207DC09E010EE900ADF
:10A140000A4F3844B0F1D97F02D901FA02F0044332
:10A15000521C032AC8DB2046F8BD0000C8000020BE
:10A160000000803754E3853F295C0F3E0000E0BECD
:10A1700000B5024600F00DF80346D01C00F009F8C7
:10A1800043EAC003901D00F004F843EA801080B257
:10A1900000BD90F90010002902DD4FF0000070476B
:10A1A00002DA4FF00400704790F90110002902DD37
:10A1B0004FF00100704702DA4FF00500704790F948
:10A1C0000200002802DD4FF00200704702DA4FF073
:10A1D000060070474FF0070070470000F9F742FF94
:10A1E000FCF718FFFCF7FCFAFCF790FBFCF7B6FC59
:10A1F000FCF7D2FCFCF70EFCFCF742FCFCF7B2FBD0
:10A20000FCF7DCFBFCF776FCFCF7A4FAFCF7E4FCBB
:10A21000F7F702FA01224B494B48FBF7F9FA494993
:10A220000122491C4948FBF7F3FAFBF787FF00F0CE
:10A2300011FC0126434D002718B1FCF77CF918B139
:10A2400004E0EE712E7201E0EE712F72F9F74EFC10
:10A25000A864F8F7ABFAF7F7DBFDF7F757FADFF882
:10A26000E490AE7109F1200909F104084FF4FA6B8A
:10A2700008F1440AF9F73AFC0446A87830B1AF7007
:10A280003349A1F59070F7F7DBFAAE71F7F75EF995
:10A29000A86A201A142802D3AC62F7F717FDE86AFF
:10A2A000201A282802D3EC62F7F7D8FD286B201A71
:10A2B000642802D32C63F7F7ABFD686B201AFA28E9
:10A2C00002D36C63F8F772FAA86B201A584502D3D0
:10A2D000AC63F7F71BFAA86C201A642806D3E86B66
:10A2E000201A642802D3EC63F8F750F9A87918B95A
:10A2F000286C201AC82803D32C64AF71F7F762FECC
:10A30000686C201AB0F57A7F02D36C64F6F732FFDE
:10A3100099F80220002132B199F8002098F8010044
:10A32000824200D901219AF8042032B1BAF8002003
:10A33000B8F80200824200D901212046F6F7E0FE7B
:10A3400098E7000000000020200700209806002069
:10A350004C0200202DE9F8418046DDE90706009017
:10A3600017460C46099D404600F0EFF933463A4641
:10A370002146404600F01EFA2068A84200DB28462D
:10A380002060BDE8F88100002DE9FF4FBFB00E4608
:10A3900000211C4608464C9D04E03F9A52F82020BC
:10A3A000401C1144B042F8DBB1FBF6F20020E0495A
:10A3B00006E03F9B53F820309B1A41F82030401CA8
:10A3C000B042F6DB00204FF4F87C00BF01EB8002C6
:10A3D00051F820305768E3463B44D2E902723A44D0
:10A3E0001A44D31702EB9372921041F82020401CBC
:10A3F0005845EBDBCF4A00204FF4F77301EB8007A1
:10A4000051F820C07F688946A7EB0C0742F82070FE
:10A41000401C9842F2DD002002EB800752F8201029
:10A420007F689A46394401EBD171491042F82010F7
:10A43000401C5045F0DBC04F0020964600230146EB
:10A44000421D08E0A1EB00085EF821C037F8188033
:10A45000491C0CFB18339142F4DB40F27A4193FB28
:10A46000F1F14EF82010401C7346B0F5F47FE5DDA5
:10A47000002210464FEA0A0753F82010002900DC9A
:10A480004942401C0A445045F6DD40F2EF1392FB6E
:10A49000F3F0052208218DE80700A64A3DA912A87D
:10A4A000FFF758FF00223D9B12A99646022B1ADBAC
:10A4B000012009E001EB800C51F820705CF804CC1D
:10A4C000401CA7EB0C073A449842F3DB5B1E92FB5F
:10A4D000F3F041F2707292FBF0F24D9802604E9AE6
:10A4E0000120107005E04D9A944810604E9A82F851
:10A4F00000E000203D9F06E051F8203024AA9B1C7C
:10A5000042F82030401CB842F6DB0020C8460BE081
:10A510003F9951F8201048F82010419951F8202017
:10A52000874941F82020401CB042F1DB002213464D
:10A5300028E000BF24A84FF0010950F823004FF095
:10A540008076411D51451CDCA0F1050CBCF1000FCB
:10A5500017DD401F0FE000BF58F820C0B44509DAEE
:10A56000B9F1000F01D04FF0000966460DF10C0C57
:10A570004CF82300401C8842EEDBB9F1000F00D1FB
:10A58000521C5B1CBB42D5DB022A06DA6B482060FA
:10A5900085F800E043B000F0D5B8DFF8A4C1002092
:10A5A00008EB800158F820304E68E1463344D1E989
:10A5B000026131441944CB1701EB9371891048F8BB
:10A5C00020100CEB80035CF820605F683E44D3E908
:10A5D00002733B443344DE1703EB96739B104CF835
:10A5E0002030401C5845DBDB00200DF1D40B3E90A1
:10A5F00000234BF82030401C0528F9DB00204FF4E5
:10A60000FA7309E003A951F82010994203DD4B4881
:10A610002060002089E0401C9042F3DB0023A2F17F
:10A62000010A60E003A800EB830650F823E0766897
:10A630004FF07F42A6EB0E0011463B900A2851DDF9
:10A640007046CC460DE000BF58F820708F4201DD07
:10A6500039463C905CF82070974201DD3A463390D1
:10A66000401C8642F0DC59F826C059F82E000290B2
:10A67000ACEB0000DDF8CCC0ACEB0E0778433B9FA1
:10A6800090FBF7F7029807EB000C339F59F82770FF
:10A69000A7EB0C07219758F8260058F82E60DDF834
:10A6A000F0C0801BACEB0E0778433B9F90FBF7F0AC
:10A6B0003044339E219F58F826604F43301A504350
:10A6C000F911C01100280DDD3E9A052A0ADA49B1B8
:10A6D0006422514391FBF0F23E984BF820203E98C3
:10A6E000401C3E905B1C53459CDB58463E9900F055
:10A6F00097F83E9800EBD070401001280ADD0BEB74
:10A7000080025BF8200052F8042C104400EBD0705B
:10A71000401001E05BF82000C11EB529BFF477AFFF
:10A7200005493E31085C20600120287032E70000B6
:10A73000680F0020A807002098C0000819FCFFFF40
:10A740003817002030BCBDE8C08F2DE9F0438146AA
:10A7500000240120DDF81C805E1E0C6026E052F80B
:10A760002070474521DD02EB800454F8044CA742D9
:10A770001BDD012500E06D1C44199C4203DA52F8F0
:10A7800024C06745F7D0054452F82550AF420ADD92
:10A790000D680F2D07DA4FEA850C6D1C0D6049F826
:10A7A0000C00601C02E0204600E0401CB042D6DBFA
:10A7B000BDE8F0832DE9F0431E4613460C460A68B7
:10A7C00005460146184600F045F84FF0FF38404670
:10A7D0001CE00A46411CC6F10009216013E000BFDD
:10A7E00055F82170431C19D055F82030FB1AB3429C
:10A7F00001DC4B4506DA23684FEA830C5B1C2360BF
:10A8000045F80C70491C9142EADB401C21688142EA
:10A81000DFDC2846BDE8F04300F002B84346E5E738
:10A8200030B5012312E000BF50F823401A4602E081
:10A8300040F82250521E002A05DD00EB820555F833
:10A84000045CA542F4DC40F822405B1C8B42EBDB4D
:10A8500030BD0000F0B5012416E000BF51F82450CF
:10A86000234602E041F823605B1E002B09DD01EB6B
:10A87000830650F8257056F8046C50F826C06745DA
:10A88000F0DC41F82350641C9442E7DBF0BD7047D4
:10A890002DE9F041124C20F00101002594F824002C
:10A8A00010B10020BDE8F081A07A4FF0FF3668B10A
:10A8B0000840277C2074884200D0354641B10120F1
:10A8C00000F058FF00F0A8FB38B127743046E9E7E4
:10A8D000207D00B1012000F04DFF2846E2E7000096
:10A8E000C800002070B50D462DED0C8B8EB00646CD
:10A8F0000CA902A81446F7EE00BACDE900010BAB93
:10A9000003AA09A907A8FEF75BFE20B101200EB03B
:10A9100000F09AB870BDBDF80800C0057ED59DED69
:10A92000030AF8EEC00A9FED450AB0EE00CA60EED9
:10A93000809ADDED040AF8EEE00A69EE8CCA20EE9A
:10A94000808ADDED050AF8EEE00A60EE808ADDED32
:10A95000060AF8EEE00A20EE809AB8EE000A28EE29
:10A9600000BA2BEE090A0CEEA80A10EE100AF5F751
:10A97000C4FE41EC100BFDF7BBF99FED31AB51EC80
:10A98000100B53EC1A2BF5F7D4FDF5F7F9FE2BEE6F
:10A99000080A28EE8CDA30600DEE680A30EE2B0AD9
:10A9A00010EE100AF5F7A9FE2DEE090A41EC1B0B7B
:10A9B0000CEE880A10EE100AF5F79FFE41EC100B22
:10A9C000B0EE4B1AF0EE6B1AFDF7C2FC53EC1A2BEB
:10A9D00051EC100BF5F7ADFDF5F7D2FE29EEA90A03
:10A9E000286008EE080A08EEE80A09EE490A10EEA7
:10A9F000100AF5F782FE28EE280A41EC1B0B09EE3F
:10AA0000890A20EE0C0A10EE100AF5F776FE41ECEA
:10AA1000100BB0EE4B1AF0EE6B1A00E00CE0FDF7F5
:10AA200097FC53EC1A2B51EC100BF5F782FDF5F760
:10AA3000A7FE206000206AE7022068E7000080305F
:10AA40006666666666A64C40BDEC088BBDEC04CB22
:10AA5000FFF760BF10B5FBF74FF900F0F7F808B14A
:10AA60000A2010BD782000F0BBFD10F0FF0F01D0D0
:10AA7000012010BD7820FFF70BFF10F0FF0F01D071
:10AA8000022010BD642000F06BFD10F0FF0F01D01C
:10AA9000032010BDFEF78AFD10F0FF0F01D0042047
:10AAA00010BD1448FFF764FBFEF736FF10F0FF0FF0
:10AAB00001D0052010BD40F27310FEF74FFC10F0DE
:10AAC000FF0F01D0062010BD6420FEF78DFE10F0B0
:10AAD000FF0F01D0072010BD00F008FE08B10820CC
:10AAE00010BD012000F062FC10F0FF00F8D009203A
:10AAF00010BD0000F40000200D494A7A42B1012A3D
:10AB000008D0022A0FD0032A0FD04FF0FF30704731
:10AB1000022200E004220270C97C11B11106C90DA5
:10AB20000170002070470822F5E71022F3E70000CB
:10AB3000C80000200F494A7A42B1012A09D0022AEE
:10AB400011D0032A12D04FF0FF3070474FF48042EB
:10AB500001E041F69C720280C97C11B1C2F34E0142
:10AB60000180002070474FF48052F4E74FF40062F8
:10AB7000F1E70000C80000200B49097A39B101292A
:10AB800007D002290AD003290BD0002103E0FA21C3
:10AB900001E04FF4FA710180002070474FF47A71A0
:10ABA000F9E74FF4FA61F6E7C80000200D49097A89
:10ABB00041B1012909D002290DD003290ED04FF04F
:10ABC000FF3070479FED080A01E09FED080A80ED15
:10ABD000000A002070479FED060AF8E79FED050A7E
:10ABE000F5E70000C8000020000003430000834296
:10ABF00033330342333383410C49C97A072913D2D3
:10AC0000DFE801F01204060A0C0E1000BC2100E07F
:10AC100062210180002070472A21FAE71421F8E719
:10AC20000A21F6E70521F4E70021F2E7C800002039
:10AC3000054991F8242012B14FF0FF307047C989BF
:10AC40000180002070470000C80000202DE9FC4171
:10AC50004C4C80208DF8000020686B460122817CDE
:10AC600060680078FBF74DFD4FF0FF37002832D1C8
:10AC70006420F8F7FBFD00258DF8005020686B4636
:10AC80000122817C60680078FBF73BFD002870D1D1
:10AC900020686B460622817D60680078FBF7A4FC83
:10ACA000002866D19DF805009DF80310C007400FED
:10ACB00001F0010140EA41019DF801004FF0010659
:10ACC00000F00100014309D0012905D0022915D067
:10ACD0002DA0FCF7A9FF4CE0E67410E020686B465D
:10ACE0000122C17860680078FBF77EFC40BB9DF8CC
:10ACF000000010F00F0020D0042822D0E574FF20BF
:10AD000004F80A0F4FF6FF7104F8020C04F8010C66
:10AD10006070A180A0712072A67026766576E572BB
:10AD2000A572E56025616561A576E576A5834FF49A
:10AD3000FA6000F077FB18B907E01D48FCF774FFD4
:10AD400017E01CA0FCF770FFC6E7022000F08CFAA9
:10AD500078B92A2000F0CEFB58B9322000F000FC70
:10AD600038B90020FFF794FD18B9002000F0B0FAC0
:10AD700010B13846BDE8FC81002000F031FC002015
:10AD8000F8E70000C8000020556E737570706F7290
:10AD900074656420736F6674776172652070726F7A
:10ADA00064756374207265762025642E0A000000A5
:10ADB000F0CF000848616C662073656E7369746932
:10ADC00076697479207061727420666F756E642E76
:10ADD0000A0000002DE9FF4FDFF89480064685B099
:10ADE00098F8250015460F464FF0FF39B0BBAFB3BA
:10ADF000002420E0301B102800DD102080B28346A4
:10AE00003A1901469246204600F046FC30BB6A469D
:10AE10005946204600F0D6F800BB50465A466946CF
:10AE2000F5F790FA20B16FF0010009B000F022B8F8
:10AE300004EB0B0084B2B442DCD3280A8DF8100076
:10AE40008DF81150D8F80000444604AB817ED8F844
:10AE5000040002220078FBF754FC08B14846E4E7FE
:10AE6000012084F825000898E0840020DDE7000038
:10AE7000C800002030BCBDE8C08F00002DE9F843B9
:10AE800005464FF0FF39282844D80727284C0026CC
:10AE90007DB1012000F0FCFA20208DF800004FF079
:10AEA0000108012D17D0052D18D88DF80180052037
:10AEB0001FE0002000F0ECFA8DF800608DF80170C2
:10AEC00020686B460222817C60680078FBF719FCE1
:10AED00000BB267529E08DF80160E8E7142D04D841
:10AEE00002208DF801000A2003E003208DF8010004
:10AEF000142000F0FFFA9DF801006B4607EB80106C
:10AF00008DF8010020680222817C60680078FBF7E0
:10AF1000F8FB10B14846BDE8F8830820A0722673FC
:10AF200084F814800020FFF7B3FC0020F3E7000052
:10AF3000C80000202DE9F843214C0646174694F836
:10AF4000240089464FF0FF3890B3A07A80B3206880
:10AF50006B460222817A60680078FBF745FB38BBBC
:10AF6000BDF8000045BAB54202D2002038701FE09B
:10AF700060684188B5EB510F11D9216800786B46A4
:10AF8000497C0122FBF730FB90B99DF80000C00618
:10AF900005D500F041F86FF00100BDE8F8832068A6
:10AFA000F2B24B46C17A60680078FBF71DFB08B12E
:10AFB0004046F2E7B5FBF6F0401E38700020ECE7A3
:10AFC000C8000020F8B516000D464FF0FF371FD01F
:10AFD000104CA17AE1B1010A8DF80010C0B28DF8D1
:10AFE0000100411960684289914211D821680078B6
:10AFF0006B46097E0222FBF784FB48B92068EAB25F
:10B000003346417D60680078FBF7EEFA002800D0F7
:10B010003846F8BDC8000020F8B5564C4FF0FF3652
:10B02000A07A00287DD000258DF8005020686B465E
:10B030000122C17B60680078FBF763FB002870D1B8
:10B0400020686B460122417960680078FBF759FB64
:10B05000002866D120686B4601220179606800787B
:10B06000FBF74FFB00285CD194F82400E0B30C20E0
:10B070008DF8000020686B46012201796068007835
:10B08000FBF73FFB002872D13220F8F7EFFBC0201E
:10B090008DF80000A07AC00702D0E0208DF80000F3
:10B0A00020686B460122017960680078FBF729FB74
:10B0B00000285CD1607C18B102208DF8000001E00E
:10B0C0008DF8005020686B460122C17B60680078D3
:10B0D000FBF717FB28BB8DF8005020686B46012258
:10B0E0004179606800783EE0FFE704208DF80000B9
:10B0F00020686B460122017960680078FBF701FB4C
:10B1000078B9A07C90B9A07AC0070FD05FF060003A
:10B110008DF8000020686B46012201796068007894
:10B1200000E024E0FBF7EDFA08BB01E04020EFE788
:10B130003220F8F79BFB607C18B101208DF80000ED
:10B1400001E08DF8005020686B460122C17B6068E9
:10B150000078FBF7D6FA50B92068064B01224179F6
:10B16000606810330078FBF7CCFA002800D0304636
:10B17000F8BD0000C80000202DE9F047394C824698
:10B180008AB094F824000F4620B1002000F00EF998
:10B19000012600E0002607A8FFF7EEFC06A8FFF74F
:10B1A000ABFC09A8FFF728FD08A8FFF741FD94F8BC
:10B1B0000A9094F810800025002239465046FEF788
:10B1C000DFFD10B16D1C022DF6DB022D1AD000251B
:10B1D000012203A96846FEF7D3FD10B16D1C022DB4
:10B1E000F6DB022D0ED003A93846FEF749F8C7B2A8
:10B1F00069465046FEF752FF10F0FF0F4FF0000572
:10B2000002D002E0002503E001250FB945F0020558
:10B21000FF2020726072E0724FF6FF71E181A07230
:10B22000207401202073BDF81C0000F0FBF89DF88D
:10B23000180000F019F8BDF8240000F05BF9BDF823
:10B24000200000F08DF9484600F0CAF94046FFF7AB
:10B250001FFB16B1012000F0A9F80AB02846BDE88E
:10B26000F0870000C800002038B5184C4FF0FF35BB
:10B27000A17A19B3022806D0042806D008280ED0D7
:10B2800010281BD10DE0002000E008208DF8000000
:10B29000607A9DF80010B0EBD10F04D005E01020CB
:10B2A000F4E71820F2E7002038BD20686B46012241
:10B2B000C17960680078FBF724FA08B1284638BDE8
:10B2C0009DF80000C0086072EDE70000C800002093
:10B2D000F8B5354C0546A07CA84201D10020F8BD48
:10B2E00031484FF0FF366B46D0E900104FF00102B5
:10B2F0000979007835B3FBF777F970BB9DF800004A
:10B300006B4620F020008DF80000206801220179B2
:10B3100060680078FBF7F5F9F8B90320F8F7A6FAAA
:10B3200002208DF8000094F8220078B382202BE0F0
:10B3300020686B460122017D60680078FBF7E1F927
:10B3400058B92EE0FBF750F938B9A07AC0079DF83C
:10B35000000003D040F0200002E00CE020F02000CC
:10B360008DF8000020686B46012201796068007842
:10B37000FBF7C7F908B13046F8BD0320F8F776FAB5
:10B3800094F8220000B180208DF8000094F823008A
:10B390000028CDD09DF8000040F030008DF800006E
:10B3A000C6E7A5749AE70000C800002038B51C4C19
:10B3B00094F8241081421DD0002500B394F8250094
:10B3C000D0B1002000F0D6F90020FFF781FFE08C1B
:10B3D00000F0C6F88DF8005060686B4601220078D6
:10B3E0002321FBF78EF9012084F8240000F0C2F934
:10B3F000FFF712FE002038BD4FF0FF3038BD0020AF
:10B4000000F0B8F9207C8DF8000060686B460122DE
:10B4100000782321FBF775F984F82450E8E7000051
:10B42000C800002038B5194C4FF0FF35A17A31B370
:10B43000FA2809D0B0F5FA7F08D0B0F57A7F0FD09E
:10B44000B0F5FA6F1BD10DE0002000E008208DF868
:10B450000000207A9DF80010B0EBD10F04D005E079
:10B460001020F4E71820F2E7002038BD20686B4672
:10B470000122817960680078FBF743F908B128461A
:10B4800038BD9DF80000C0082072EDE7C80000201C
:10B4900038B5174C054694F82300A84201D1002086
:10B4A00038BD0DB1302000E000208DF80000A07CF8
:10B4B00028B19DF8000040F002008DF8000094F8DB
:10B4C000220028B19DF8000040F080008DF80000B7
:10B4D00020686B460122017D60680078FBF711F956
:10B4E00010B14FF0FF3038BD84F82350D7E700008B
:10B4F000C800002038B5194C4FF0FF35A17A31B3A0
:10B50000BC2801D3012010E0622801D302200CE006
:10B510002A2801D3032008E0142801D3042004E0E2
:10B520000A2801D3052000E006208DF80000E07A0B
:10B530009DF80010884201D1002038BD20686B467C
:10B540000122817860680078FBF7DBF808B12846B3
:10B5500038BD9DF80000E072EEE70000C800002052
:10B56000F8B51E4D04464FF0FF37A87A48B395F85A
:10B57000240030BB287D4FF47A7648B164B1282C82
:10B5800003D8E0B2FFF77AFC26E00020FFF776FC54
:10B59000042C05D2042406E00020FFF76FFCF9E735
:10B5A000B44200D93446B6FBF4F0401E8DF80000DA
:10B5B00028686B460122417868680078FBF7A1F89B
:10B5C00008B13846F8BD9DF80000401CB6FBF0F00D
:10B5D000E8814008FFF78EFF0020F8BDC80000207A
:10B5E000F8B5054610F0700F4FF0000601D00120AD
:10B5F00004E015B18DF8006002E040208DF80000F5
:10B60000244C6B4601222068817C60680078FBF73F
:10B6100078F84FF0FF3760BB9DF8000020F0400045
:10B6200020738DF80060680602D404208DF80000B5
:10B63000A80605D49DF8000040F002008DF8000037
:10B64000E80605D49DF8000040F001008DF80000E8
:10B65000280705D49DF8000040F038008DF8000060
:10B6600020686B460122C17C60680078FBF749F8CE
:10B6700010B1A6723846F8BD25B1082D02D00020C1
:10B68000FFF706FFA57226753220F8F7EFF80020C5
:10B69000F8BD0000C8000020F8B516000D464FF0B8
:10B6A000FF371FD0104CA17AE1B1010A8DF80010CC
:10B6B000C0B28DF80100411960684289914211D8E9
:10B6C000216800786B46097E0222FBF71AF848B918
:10B6D0002068EAB23346417D60680078FBF711F8D4
:10B6E000002800D03846F8BDC800002000B589B059
:10B6F00002A905A8FFF740FD032802D0012009B0E8
:10B7000000BD6846FFF752FA9DED050A05A8F8EE60
:10B71000C00A9DED000A60EE800AFDEEE00ACDED64
:10B72000050ADDED060AF8EEE00A60EE800AFDEE9D
:10B73000E00ACDED060ADDED070AF8EEE00A20EE9C
:10B74000800ABDEEC00A8DED070AFEF77FF801A85A
:10B75000FFF7F0F9BDF80400029941430291039903
:10B76000414303910499414302A80491FDF7D0FF9E
:10B770000020C4E7F8B5144C0146224694F8246032
:10B78000D2E9000200235D1E56B179B1022111E019
:10B79000C17B10786B460122FAF7B3FF68B90EE05F
:10B7A000A67A56B111B1617C61B902E08DF8003022
:10B7B000EEE701218DF80010EAE72846F8BD9DF874
:10B7C000000060740020F8BDC800002000B52DED19
:10B7D000048B83B041EC190BF5F71BFB41EC180B04
:10B7E00018EE100A18EE901A8DED008B002818BF85
:10B7F0000120084320F00040C0F17F6000F1E040EC
:10B80000C00F14D019EE101A19EE900A8DED009B9E
:10B81000002918BF0121084320F00040C0F17F60DB
:10B8200000F1E040C00F04BF0120FDF7B1F851EC7A
:10B83000180B03B0BDEC048B00BD1F1C1F1E1F1E88
:10B840001F1F1E1F1E1F0000000000000000000040
:10B850000102030406070809A0860100400D030049
:10B86000801A060000350C0040420F0080841E0044
:10B8700000093D0000127A000024F40000366E0139
:10B880000048E801006CDC02000000000102030433
:10B890000000000000000000002F00000000070072
:10B8A000070000147F147F1400242A7F2A120062EC
:10B8B0006408132300364955225000000503000098
:10B8C00000001C224100000041221C000014083E20
:10B8D00008140008083E0808000000A060000008E6
:10B8E000080808080000606000000020100804023A
:10B8F000003E5149453E0000427F400000426151F8
:10B900004946002141454B31001814127F10002791
:10B9100045454539003C4A49493000017109050354
:10B9200000364949493600064949291E0000363685
:10B9300000000000563600000008142241000014E8
:10B9400014141414000041221408000201510906C5
:10B9500000324959513E007C1211127C007F494946
:10B960004936003E41414122007F4141221C007F77
:10B9700049494941007F09090901003E4149497A85
:10B98000007F0808087F0000417F410000204041FF
:10B990003F01007F08142241007F40404040007F6B
:10B9A000020C027F007F0408107F003E4141413EAF
:10B9B000007F09090906003E4151215E007F0919F7
:10B9C00029460046494949310001017F0101003FF4
:10B9D0004040403F001F2040201F003F4038403F74
:10B9E00000631408146300070870080700615149D8
:10B9F000454300007F41410000552A552A5500006B
:10BA000041417F00000402010204004040404040E8
:10BA1000000001020400002054545478007F484480
:10BA2000443800384444442000384444487F0038B7
:10BA30005454541800087E0901020018A4A4A47CE0
:10BA4000007F080404780000447D400000408084AA
:10BA50007D00007F102844000000417F4000007CF2
:10BA600004180478007C08040478003844444438FE
:10BA700000FC242424180018242418FC007C08044A
:10BA8000040800485454542000043F444020003C23
:10BA90004040207C001C2040201C003C4030403CAA
:10BAA000004428102844001CA0A0A07C004464543A
:10BAB0004C4414141414141400000000000000007E
:10BAC0000000000000000000000000F8000000007E
:10BAD000000000333000000000100C06100C0600BF
:10BAE000000000000000000040C07840C078400026
:10BAF000043F04043F040400007088FC0830000088
:10BB0000001820FF211E0000F008F000E0180000DF
:10BB100000211C031E211E0000F008887000000098
:10BB20001E2123241927211010160E0000000000EA
:10BB30000000000000000000000000E01804020007
:10BB4000000000071820400000020418E000000078
:10BB50000040201807000000404080F08040400076
:10BB60000202010F01020200000000F000000000CC
:10BB70000101011F010101000000000000000000A0
:10BB800080B0700000000000000000000000000015
:10BB9000000101010101010100000000000000009E
:10BBA0000030300000000000000000008060180439
:10BBB000006018060100000000E010080810E00016
:10BBC000000F102020100F00001010F800000000DF
:10BBD0000020203F20200000007008080888700026
:10BBE00000302824222130000030088888483000A6
:10BBF0000018202020110E000000C02010F80000C6
:10BC000000070424243F240000F80888880808005E
:10BC10000019212020110E0000E010888818000073
:10BC2000000F112020110E0000380808C838080045
:10BC30000000003F000000000070880808887000C5
:10BC4000001C222121221C0000E010080810E00046
:10BC50000000312222110F00000000C0C0000000CF
:10BC600000000030300000000000008000000000F4
:10BC700000008060000000000000804020100800EC
:10BC800000010204081020004040404040404000B5
:10BC90000404040404040400000810204080000090
:10BCA0000020100804020100007048080808F00095
:10BCB0000000003036010000C030C828E810E00065
:10BCC0000718272423140B000000C038E0000000F0
:10BCD000203C23020227382008F88888887000005A
:10BCE000203F202020110E00C0300808080838002E
:10BCF000071820202010080008F808080810E000A5
:10BD0000203F202020100F0008F88888E808100045
:10BD1000203F20202320180008F88888E808100019
:10BD2000203F200003000000C03008080838000051
:10BD300007182020221E020008F808000008F80852
:10BD4000203F210101213F20000808F808080000D9
:10BD50000020203F2020000000000808F80808000C
:10BD6000C08080807F00000008F888C02818080084
:10BD7000203F20012638200008F8080000000000BD
:10BD8000203F20202020300008F8F800F8F80800B4
:10BD9000203F003F003F200008F830C00008F808AE
:10BDA000203F200007183F00E01008080810E000BE
:10BDB0000F10202020100F0008F808080808F000D5
:10BDC000203F210101010000E01008080810E000F8
:10BDD0000F18242438504F0008F88888888870008D
:10BDE000203F2000030C302000708808080838002D
:10BDF0000038202121221C00180808F80808180023
:10BE00000000203F2000000008F808000008F808A3
:10BE1000001F202020201F000878880000C8380854
:10BE2000000007380E010000F80800F80008F800CC
:10BE3000033C0700073C0300081868808068180866
:10BE400020302C03032C30200838C800C8380800E4
:10BE50000000203F2000000010080808C838080033
:10BE60002038262120201800000000FE02020200D7
:10BE70000000007F40404000000C30C00000000087
:10BE8000000000010638C00000020202FE000000AF
:10BE9000004040407F000000000004020202040055
:10BEA0000000000000000000000000000000000092
:10BEB000808080808080808000020204000000007A
:10BEC0000000000000000000000080808080000072
:10BED0000019242222223F2008F800808000000060
:10BEE000003F112020110E00000000808080000023
:10BEF000000E112020201100000000808088F80032
:10BF0000000E112020103F20000080808080000063
:10BF1000001F222222221300008080F088888818C7
:10BF20000020203F202000000000808080808000D2
:10BF3000006B94949493600008F800808080000067
:10BF4000203F210000203F20008098980000000042
:10BF50000020203F20200000000000809898000072
:10BF600000C08080807F000008F800008080800092
:10BF7000203F24022D302000000808F800000000B7
:10BF80000020203F20200000808080808080800072
:10BF9000203F20003F20003F808000808080000004
:10BFA000203F210000203F20000080808080000092
:10BFB000001F202020201F008080008080000000C3
:10BFC00080FFA12020110E000000008080808000F2
:10BFD000000E112020A0FF808080800080808000E3
:10BFE00020203F2120000100000080808080800010
:10BFF0000033242424241900008080E08080000085
:10C000000000001F202000008080000000808000D1
:10C01000001F202020103F20808080000080808032
:10C0200000010E30080601008080008000808080C2
:10C030000F300C030C300F000080800080808000E7
:10C040000020312E0E312000808080000080808012
:10C0500080818E70180601000080808080808000C2
:10C060000021302C2221300000000000807C0202E0
:10C0700000000000003F40400002027C8000000001
:10C080000040403F0000000000000000FF000000F2
:10C0900000000000FF00000029001401000214014C
:10C0A0002900000000000000000000000000000067
:10C0B0000000000000000000000000000000000080
:10C0C0000000000000000000000000000000000070
:10C0D0000000000000005F5F5F606060616161619F
:10C0E0006162626262626363636363636363646425
:10C0F0006464646464646464646464646464646400
:10C100006464636363636363636362626262626203
:10C1100061616161606060605F5F5F5E5E5E5D5D2A
:10C120005D5C5C5C5B5B5A5A595959585857575675
:10C130005655555454535252515150504F4E4E4DE6
:10C140004C4C4B4A4A49484847464545444342427D
:10C1500041403F3E3E3D3C3B3A3938383736353436
:10C16000333231302F2E2D2C2B2A29282726252417
:10C170002322211F1E1D1C1B1A191716151413111B
:10C18000100F0E0C0B0A09070605030201007519B2
:10C190001A0C6A231B1C1F207274433B4138393A26
:10C1A0006B6C376F06246D6E7000680000047600BB
:10C1B0005401F7FD000100008300000000080000AA
:10C1C0000001001832000500000020410000D242AA
:10C1D000295C0F3E9A99993E3333733F295C0F3E99
:10C1E00000007000000000240000000200030000B6
:10C1F00000650054FFEF0000FA80000B128200017E
:10C20000030C30C30E8C8CE914D5400213710F8ED1
:10C210003883F8833000F883258EF8833000F88364
:10C22000FFFFFFFF0FFEA9D6240004001A8279A1A8
:10C230000000003CFFFF00000010000038836FA2E8
:10C24000003E03304000000002CAE3093E800000C7
:10C25000200000000000000040000000600000001E
:10C26000000C0000000C186E000006920A16C0DFD9
:10C27000FFFF0256FD8CD377FFE1C496E0C5BEAA4E
:10C2800000000000FFFF0B2B0000165700000359B1
:10C290004000000000001DFA00026C1D00000000BC
:10C2A0003FFFDFEB003EB3B6000D227800002F3CCD
:10C2B00000000000001942B5000039A20000B3657B
:10C2C000D90E9FC91DCF4C34300000005000000033
:10C2D0003BB67AE80064000000C8000000000000DF
:10C2E000100000001000FA921000225E000D229F44
:10C2F0000001000000320000FF46000063D400008F
:10C300001000000004D6000004CC000004CC0000A3
:10C31000000010720000004000000000000000005B
:10C320000006000200050007000000000064000095
:10C33000000000000000000500050064002000006F
:10C3400000000000000000000000400000000300AA
:10C3500000000032F8980000FF650000830F000025
:10C36000FF9BFC0000000000000000000000000037
:10C3700000000000000000000000000000000000BD
:10C38000000000000000000000000000000010009D
:10C3900040000000000000060000B26A0002000039
:10C3A0000001FB830068000000D9FC007CF1FF83E2
:10C3B0000000000000650000006403E8006400283D
:10C3C000000000250000000016A000000000100082
:10C3D00000001000002F0000000001F40000100019
:10C3E00000280000FFFF4581FFFFFA7200000000F7
:10C3F00000000000004400050005BAC6004778A20E
:10C400000000000100000000000006000000001411
:10C410000000254D002F706D000005AE000C02D00D
:10C42000000000000000000000000000000000000C
:10C43000001B0000000000000000000000000000E1
:10C440000064000000080000000000000000000080
:10C4500000000000000000000000000000000000DC
:10C4600000000000000000000000000000000000CC
:10C4700000000000000000000000000000000000BC
:10C4800000000000000000000000000000000000AC
:10C49000000000000000000000000000000000009C
:10C4A000001B00000000000000000000000E000E55
:10C4B00000000AC70004000000000032FFFFFF9CDC
:10C4C00000000B2B000000020000000100000064CF
:10C4D000FFE5000000000000000000000000000078
:10C4E000000000010000000000010000000000004A
:10C4F000000180000001800000018000002426D39C
:10C500000000000000000000000600100096003C43
:10C51000000000000000000000000000000000001B
:10C520000C0A4E68CDCF770950166759C619CE82CE
:10C5300000000000000000000000000000000000FB
:10C54000000000000000000017D784000300000076
:10C550000000000000000000C7938F9D1E1B1C19E7
:10C5600000000000000000000000000000000000CB
:10C5700000000000000000000203188500004000D9
:10C5800000000003000000030000000000000000A5
:10C59000400000000000000000000000000000005B
:10C5A000000000000000000000000000000000008B
:10C5B000000000000000000000000000000000007B
:10C5C00000000000677DDF7E72902E554CF6E688F5
:10C5D000000000000000000000000000000000005B
:10C5E000D8DCB4B8B0D8B9ABF3F8FAB3B7BB8E9E09
:10C5F000AEF132F51BF1B4B8B08097F1A9DFDFDFFF
:10C60000AADFDFDFF2AAC5CDC7A90CC92C97F1A913
:10C6100089264666B28999A92D557DB0B08AA8961B
:10C62000365676F1BAA3B4B280C0B8A89711B283D7
:10C6300098BAA3F0240844106418B2B9B49883F1EE
:10C64000A329557DBAB5B1A38393F0002850F5B264
:10C65000B6AA839328547CF1B9A3829361BAA2DA73
:10C66000DEDFDB819AB9AEF5606870F1DABAA2DF7D
:10C67000D9BAA2FAB9A38292DB31BAA2D9BAA2F886
:10C68000DF85A4D0C1BBAD83C2C5C7B8A2DFDFDFE1
:10C69000BAA0DFDFDFD8D8F1B8AAB38DB4980D35D2
:10C6A0005DB2B6BAAF8C96198F9FA70E161EB49ABC
:10C6B000B8AA872C547CBAA4B08AB691325676B206
:10C6C0008494A4C808CDD8B8B4B0F19982A82D55E7
:10C6D0007D98A80E161EA22C547C92A4F02C5078A3
:10C6E000F184A898C4CDFCD80DDBA8FC2DF3D9BAF1
:10C6F000A6F8DABAA6DED8BAB2B68696A6D0F3C83D
:10C7000041DAA6C8F8D8B0B4B882A892F52C5488FB
:10C7100098F135D9F418D8F1A2D0F8F9A884D9C77E
:10C72000DFF8F883C5DADF69DF83C1D8F40114F1DB
:10C73000A8824EA884F311D182F5D992289788F166
:10C7400009F41C1CD884A8F3C0F9D1D99782F12927
:10C75000F40DD8F3F9F9D1D982F4C203D8DEDF1A87
:10C76000D8F1A2FAF9A88498D9C7DFF8F8F883C7F6
:10C77000DADF69DFF883C3D8F40114F198A8822EB8
:10C78000A884F311D182F5D992509788F109F41C4D
:10C79000D884A8F3C0F8F9D1D99782F149F40DD81B
:10C7A000F3F9F9D1D982F4C403D8DEDFD8F1AD882A
:10C7B00098CCA809F9D98292A8F57CF1883ACF944F
:10C7C0004A6E98DB6931DAADF2DEF9D88795A8F2C6
:10C7D00021D1DAA5F9F417D9F1AE8ED0C0C3AE825B
:10C7E000C684C3A88595C8A588F2C0F1F4010EF1EE
:10C7F0008E9EA8C63E56F554F18872F40115F19844
:10C8000045856EF58E9E0488F142985A8E9E068864
:10C8100069F4011CF1981E1108D0F504F11E97026D
:10C8200002983625DBF9D985A5F3C1DA85A5F3DFB2
:10C83000D88595A8F309DAA5FAD88292A8F578F1F7
:10C84000881A849F26889821DAF41DF3D8879F39A7
:10C85000D1AFD9DFDFFBF9F40CF3D8FAD0F8DAF96D
:10C86000F9D0DFD9F9D8F40BD8F3879F39D1AFD9F4
:10C87000DFDFF41DF3D8FAFCA869F9F9AFD0DADEEE
:10C88000FAD9F88F9FA8F1CCF398DB45D9AFDFD068
:10C89000F8D8F18F9FA8CAF38809DAAF8FCBF8D800
:10C8A000F2AD978D0CD9A5DFF9BAA6F3FAF412F21E
:10C8B000D8950DD1D9BAA6F3FADAA5F2C1BAA6F382
:10C8C000DFD8F1BAB2B68696A6D0CAF349DAA6CBBB
:10C8D000F8D8B0B4B8D8AD84F2C0DFF18FCBC3A81C
:10C8E000B2B68696C8C1CBC3F3B0B48898A821DB92
:10C8F000718D9D71859521D9ADF2FAD88597A828BB
:10C90000D9F408D8F28D29DAF405D9F285A4C2F257
:10C91000D8A88D9401D1D9F411F2D88721D8F40A7E
:10C92000D8F28498A8C801D1D9F411D8F3A4C8BB0F
:10C93000AFD0F2DEF8F8F8F8F8F8F8F8D8F1B8F671
:10C94000B5B9B08A95A3DE3CA3D9F8D85CA3D9F8D1
:10C95000D87CA3D9F8D8F8F9D1A5D9DFDAFAD8B1BB
:10C960008530F7D9DED8F830ADDADED8F2B48C995C
:10C97000A32D557DA083DFDFDFB591A0F629D9FB7C
:10C98000D8A0FC29D9FAD8A0D051D9F8D8FC51D9CF
:10C99000F9D879D9FBD8A0D0FC79D9FAD8A1F9F97E
:10C9A000F9F9F9A0DADFDFDFD8A1F8F8F8F8F8AC88
:10C9B000DEF8ADDE8393AC2C547CF1A8DFDFDFF62C
:10C9C0009D2CDAA0DFD9FADB2DF8D8A850DAA0D058
:10C9D000DED9D0F8F8F8DB55F8D8A878DAA0D0DF9F
:10C9E000D9D0FAF8F8F8F8DB7DF8D89CA88CF530A7
:10C9F000DB38D9D0DEDFA0D0DEDFD8A848DB58D9BD
:10CA0000DFD0DEA0DFD0DED8A868DB70D9DFDFA002
:10CA1000DFDFD8F1A888902C547C98A8D05C38D15E
:10CA2000DAF2AE8CDFF9D8B087A8C1C1B188A8C648
:10CA3000F9F9DA36D8A8F9DA36D8A8F9DA36D8A862
:10CA4000F9DA36D8A8F9DA36D8F78D9DADF818DAC4
:10CA5000F2AEDFD8F7ADFA30D9A4DEF9D8F2AEDE07
:10CA6000FAF983A7D9C3C5C7F1889BA77AADF7DECA
:10CA7000DFA4F8849408A797F300AEF29819A4886D
:10CA8000C6A39488F632DFF28393DB09D9F2AADFDA
:10CA9000D8D8AEF8F9D1DAF3A4DEA7F1889B7AD81A
:10CAA000F38494AE19F9DAAAF1DFD8A881C0C3C51E
:10CAB000C7A39283F628ADDED9F8D8A350ADD9F834
:10CAC000D8A378ADD9F8D8F8F9D1A1DADEC3C5C7B3
:10CAD000D8A18194F818F2B089ACC3C5C7F1D8B811
:10CAE000B4B09786A8319B069907AB9728889BF02E
:10CAF0000C201440B0B4B8F0A88A9A285078B79B9C
:10CB0000A8295179247059446938644831F1BBAB84
:10CB100088002C547CF0B38BB8A804285078F1B06E
:10CB200088B49726A85998BBABB38B02264666B04B
:10CB3000B8F08A9CA82951798B2951798A24705997
:10CB40008B2058718A4469388B3940688A6448312F
:10CB50008B30496088F1AC002C547CF08CA8042800
:10CB60005078F1889726A85998AC8C02264666F032
:10CB7000899CA8295179247059446938644831A99D
:10CB80008809205970AB11384069A8193148608C68
:10CB9000A83C415C207C00F187981986A86E767EBF
:10CBA000A999882D557DD8B1B5B9A3DFDFDFAED007
:10CBB000DFAAD0DEF2ABF8F9D9B087C4AAF1DFDF83
:10CBC000BBAFDFDFB9D8B1F1A3978E60DFB084F2DD
:10CBD000C8F8F9D9DED89385F14AB183A308B583A3
:10CBE0009A0810B79F10D8F1B0BAAEB08AC2B2B6E8
:10CBF0008E9EF1FBD9F41DD8F9D90CF1D8F8F8AD17
:10CC000061D9AEFBD8F40CF1D8F8F8AD19D9AEFB68
:10CC1000DFD8F416F1D8F8AD8D61D9F4F4ACF59CF9
:10CC20009C8DDF2BBAB6AEFAF8F40BD8F1AED0F883
:10CC3000AD51DAAEFAF8F1D8B9B1B6A3839C08B910
:10CC4000B1839AB5AAC0FD3083B79F10B58B93F21C
:10CC50000202D1ABDADED8F1B080BAABC0C3B28485
:10CC6000C1C3D8B1B9F38BA391B609B4D9ABDEB0C7
:10CC7000879CB9A3DDF1B38B8B8B8B8BB087A3A380
:10CC8000A3A3B28BB69BF2A3A3A3A3A3A3A3A3A323
:10CC9000A3F1B087B59AA3F39BA3A3DCBAACDFB929
:10CCA000A3A3A3A3A3A3A3A3A3A3A3A3A3A3A3A354
:10CCB000D8D8D8BBB3B7F1AAF9DAFFD9809AAA2895
:10CCC000B48098A720B79787A86688F07951F1902B
:10CCD0002C870CA781976293F0717160859401296C
:10CCE000517990A5F1284C6C870C95188578A38311
:10CCF00090284C6C886CD8F3A28200F210A892198C
:10CD000080A2F2D926D8F188A84DD948D896A8395A
:10CD100080D93CD89580A839A68698D92CDA87A7DF
:10CD20002CD8A8899519A980D938D8A88939A9807B
:10CD3000DA3CD8A82EA83990D90CD8A8953198D922
:10CD40000CD8A809D9FFD801DAFFD89539A9DA2675
:10CD5000FFD890A80D8999A810809821DA2ED8893B
:10CD600099A83180DA2ED8A886963180DA2ED8A8F4
:10CD7000873180DA2ED8A88292F34180F1D92ED85B
:10CD8000A882F31980F1D92ED882ACF3C0A28022F8
:10CD9000F1A62EA72EA92298A829DAACDEFFD8A2E8
:10CDA000F22AF1A92E8292A8F23180A696F1D9003A
:10CDB000AC8C9C0C30ACDED0DEFFD88C9CACD010A0
:10CDC000ACDE8092A2F24C82A8F1CAF235F19688CC
:10CDD000A6D900D8F1FF0000555555555555C53F0A
:10CDE0007D6FEB0312D6D4BF5544880E55C1C93FA1
:10CDF0003B8F68B52882A4BF88B20175E0EF493F38
:10CE000009F7FD0DE13D023F4B2D8A1C273A03C077
:10CE1000C88A599CE52A004059018D1B6C06E6BF63
:10CE200082922EB1C5B8B33F4FBB610567ACDD3F01
:10CE3000182D4454FB21E93F9BF681D20B73EF3F41
:10CE4000182D4454FB21F93FE2652F227F2B7A3CB9
:10CE5000075C143326A6813CBDCBF07A8807703C72
:10CE6000075C143326A6913CC4EB98999999C9BFE5
:10CE7000711623FEC671BCBF6D9A74AFF2B0B3BF1A
:10CE80009AFDDE522DDEADBF2F6C6A2C44B4A2BFDA
:10CE90000D5555555555D53FFF8300922449C23F46
:10CEA0006E204CC5CD45B73F513DD0A0660DB13F7A
:10CEB000EB0D76244B7BA93F11DA22E33AAD903F8C
:10CEC0000000000000000000DDDDDDDDDCBBBBDDBF
:10CED000DDDDDDDDDDDDDDDD98888888888888881A
:10CEE000777777777788888885555556666666663A
:10CEF0006666666666688888833333322222222219
:10CF0000222222222228888D54494D453D32302547
:10CF10003032752D253032752D2530327520253073
:10CF200032753A253032753A253032752C54454DDC
:10CF3000503D25752C48554D493D25752C434F4D89
:10CF4000464F52543D25732C48523D25732C535067
:10CF50004F323D25732C46494E4745523D25732C93
:10CF6000535445503D256C752C4C494748543D253C
:10CF7000752C4144435F5241573D256C752C524FEF
:10CF80004C4C3D25642C50495443483D25642C5954
:10CF900041573D25642C41583D25642C41593D2580
:10CFA000642C415A3D25642C47583D25642C475933
:10CFB0003D25642C475A3D25642C54454D505F5700
:10CFC00041524E3D25752C48525F5741524E3D25EA
:10CFD000752C504F535352433D25732C504F53469D
:10CFE00049583D25632C25732C25730D0A0000003C
:10CFF00050726F64756374204944207265616420C7
:10D000006173203020696E646963617465732064A4
:10D010006576696365206973206569746865722047
:10D02000696E636F6D70617469626C65206F7220E8
:10D03000616E204D5055333035302E0A000000000F
:10D0400060D00008000000200C010000708900087A
:10D050006CD100080C010020AC3100008089000870
:10D060000000000000FF01000000000000000000C0
:10D070000000000000000000000000000000BC02F2
:10D0800000000000001E780000000000000000000A
:10D090000000000000000000000000000000000090
:10D0A0000000000000000000000000000000000080
:10D0B0000000000000000000000000000000000070
:10D0C0000000000000000000000000000000000060
:10D0D00001000000100000000000000000093D00F9
:10D0E000AED580A83FD30040A1C8DA1281CFD9F1D4
:10D0F000DB40A4A68D14AF0000000000000000007B
:10D1000000000000F401000000000000000000002A
:10D11000000000000000000000000000000000000F
:10D1200000000000000000008EC10008AAC1000835
:10D1300000000000000000000000000000000000EF
:10D1400000000000000000000000000000000000DF
:10D15000B8C100080100000001000000010000004B
:0CD16000000000000000000000000000C3
:040000050800018965
:00000001FF
